Matrix Size,Total Instructions,Total Cycles,L1 Data Cache Misses,L1 Instruction Cache Misses,L2 Data Cache Misses,L2 Instruction Cache Misses,L1 Cache Misses,L2 Cache Misses,L3 Load Misses,Data TLB Misses,Ins TLB Misses,L1 Load Misses,L1 Store Misses,L2 Load Misses,L2 Store Misses,Cycles Stall Waiting for MemWrites,Cycles With 0 ins issue,Cycles With max ins issue,Cycles With no ins comp,Cycles With max ins comp,Unconditional branch ins,Conditional branch ins,Conditional branch ins taken,Conditional branch ins not taken,Conditional branch ins mispred,Conditional branch ins corr_pred,Load ins,Store Ins,Branch Ins,Cycle stalled on any resoruce,Loas/Store ins comp,L2 data cache access,L3 data cache access,L2 data cache reads,L3 data cache reads,L2 data cache writes,L3 data cache writes,L2 ins cache hits,L2 ins cache accesses,L3 ins cache accesses,L2 ins cache reads,L3 ins cache reads,L2 tot cache access,L3 tot cache access,L2 tot cache reads,L3 tot cache reads,L2 tot cache writes,L3 tot cache writes,FLOPS:sing_prec_vec_ops,FLOPS:dob_prec_vec_ops,Sing precision vec ins,Dob prec vec ins,Ref clock cyc,cpu energy,dram energy,total energy,total time
900,166020380,101775871,4596604,14353,3188810,8935,4118131,197527,6106,14283,960,198596,323204,31253,97967,2771339,4894738,30064429,45526006,33636367,3293299,6059941,2765638,3295126,13685,6046506,38163731,11058926,9331134,5834143,49218139,531098,3254643,195631,51259,344626,107849,5708,15802,7714,15072,10328,541231,3284958,205170,3159870,347990,96582,0,188337572,0,51949796,1271753,1155148.0,34973.0,1190121.0,0.023886680603027344
901,166387203,102724009,4271441,13868,3199717,19771,3972982,190108,5962,14946,1352,197342,324998,33590,97827,2647990,4884287,30183451,46077647,33664582,3280300,6078931,2777180,3301875,13972,6066164,38268505,11082893,9358305,5126542,49342618,512060,3330679,208932,56662,344616,99178,6001,13380,7799,12906,9036,555042,3332543,212656,2941243,344020,94993,0,188757652,0,52065628,1261545,964841.0,32592.0,997433.0,0.037049055099487305
902,166746040,101199459,4561478,14084,3023300,11581,4431088,193814,6046,14347,1027,200724,321008,33457,96145,2788065,4985287,30229436,46653605,33838037,3287058,6098178,2788331,3309879,14280,6084098,38378512,11106902,9383392,5869110,49485572,537744,3399343,180600,58011,346516,98981,6092,14713,8962,15035,9205,550915,3331488,207958,3204358,340096,93913,0,189178196,0,52181588,1211258,965208.0,31250.0,996458.0,0.03656601905822754
903,167155598,102774837,4629569,12466,3039937,8512,4625224,297069,6946,14497,713,194762,322111,38537,98452,2949441,4925753,30301316,46578370,33707614,3294850,6118467,2799793,3317010,13940,6103777,38492446,11131083,9409732,5857012,49619401,545589,3367682,188208,59402,344814,100822,10668,16062,7365,15374,7879,561744,3346332,220971,3255103,340048,93502,0,189599204,0,52297676,1273231,1006650.0,36438.0,1043088.0,0.037273406982421875
904,167542579,102783737,4576287,17647,3236290,12337,4517015,339224,6113,14160,1135,212925,322474,36432,97356,2594845,4980426,30387487,46308384,34008586,3303225,6135931,2847058,3325343,13586,6121355,38609877,11155270,9437971,5849584,49756588,552321,3414053,177654,57525,348412,104140,5775,12635,7428,15230,9787,567531,3434541,228451,3249327,339320,99249,0,190020676,0,52413892,1290608,1002195.0,36621.0,1038816.0,0.03738284111022949
905,167925165,102900113,4704437,14464,3293035,9845,4627252,212677,7008,15205,1421,221977,325101,34485,103804,2664625,4999753,30437023,45962865,34324737,3326037,6154285,2823328,3331944,13741,6140478,38713043,11180606,9461979,5676229,49893443,563937,3365537,213483,61837,346742,100921,5615,13097,9599,15601,8313,577928,3390366,243145,3331833,343912,97456,0,192087902,0,52530236,1287474,961118.0,30274.0,991392.0,0.037281036376953125
906,168447406,102499296,4691238,12383,3273787,9995,4198916,196808,6538,14684,942,231132,322430,36826,98594,2392281,4931678,30804783,46718064,34183327,3315048,6173746,2842976,3339286,13945,6160059,38834373,11204791,9488168,6031391,50030578,571316,3479309,233682,65365,345856,100031,6531,14466,7621,16320,10643,587269,3465693,259181,3258517,343800,97800,0,192513932,0,52646708,1295962,1058835.0,47180.0,1106015.0,0.039459943771362305
907,168820107,102852187,4329004,14137,3157567,9314,4181633,206029,5876,14785,804,234209,322630,38812,97541,2716345,5086479,30714410,46983947,34124612,3324248,6193042,2846189,3347336,14092,6179758,38940748,11229155,9515121,5378172,50165287,575728,3419445,237611,69461,345288,100456,5789,22592,7874,15399,7825,591285,3534804,250845,3070840,336660,101605,0,192940430,0,52763308,1265118,1096250.0,55481.0,1151731.0,0.04024529457092285
908,169152623,104418253,4637139,12450,3166435,7911,4695356,264351,6008,14468,990,198907,323368,42848,104564,2604616,5078216,30669730,46587937,34303336,3329392,6212292,2858150,3354307,13893,6198818,39055816,11253300,9543059,5837352,50302765,572255,3403535,243573,72858,346880,105014,5924,16230,7496,13961,9179,588305,3503968,256632,3339298,337404,98398,0,193367396,0,52880036,1234713,1087643.0,55419.0,1143062.0,0.039060115814208984
909,169608326,104159192,4753743,15998,3375532,7196,4734283,346176,7307,14836,1070,247018,324416,41732,97056,2730989,5131800,30737297,47654554,34294353,3339874,6231757,2901162,3362139,13744,6217074,39133984,11278443,9568478,5283466,50438893,588211,3532476,245277,69664,347668,100429,6198,13021,9120,14543,7126,608194,3500080,273337,3246786,349326,96274,0,193794830,0,52996892,1240791,1279293.0,72876.0,1352169.0,0.046520233154296875
910,169888738,103715146,4741989,14770,3252200,7245,4705080,203345,6541,16102,1059,248244,326638,39666,104793,2365365,5161204,30811757,47897623,34693461,3364963,6251280,2898840,3370231,13804,6238543,39274424,11301817,9595693,6070024,50577068,594690,3576462,251521,76128,347878,99812,8764,13723,6674,15184,17537,608462,3623299,266055,3377280,342152,97430,0,194222732,0,53113876,1311968,1108456.0,60669.0,1169125.0,0.04134368896484375
911,170363066,105599632,4791768,13582,3418004,11694,4219579,203856,7001,15655,936,250586,324619,40027,97827,3672301,5168696,30978848,47653920,34603373,3351384,6251600,2879784,3371750,13768,6238478,39421849,11326116,9602925,6228887,50729196,577540,3608095,252870,76642,353824,103034,5753,15661,7770,14350,17439,603503,3627629,256742,3427881,347438,98925,0,194651102,0,53230988,1307778,1142881.0,48828.0,1191709.0,0.04324531555175781
912,170640079,104971487,4601368,12307,3183998,7054,4788059,202073,16373,14601,663,254012,321927,43944,95897,2644398,5175550,30928911,48636417,34542627,3361432,6251789,2877668,3374104,14121,6237575,39586762,11349875,9610158,6397744,50916554,585006,3575637,252275,79764,346726,99780,6937,12194,6446,15046,9130,605936,3586404,261392,3421625,345310,96557,0,195079940,0,53348228,1306062,1170102.0,58350.0,1228452.0,0.04282045364379883
913,173113755,105418432,4871785,15600,3477179,8256,4866497,310019,7028,14758,934,242237,322837,44774,97194,2264469,5195644,31353066,46995736,35059511,3366077,6279640,2890949,3388213,14618,6305463,40604980,11380538,9645240,6224084,51985320,597876,3636931,255346,82288,350578,99510,8506,25567,10227,19590,12001,622565,3586513,294455,3476659,346374,96758,0,197181000,0,55242070,1320746,1133969.0,53405.0,1187374.0,0.0418705940246582
914,173651241,105445228,4917929,22880,3486931,7617,4899936,271463,6593,14951,1683,260554,326435,42379,97696,2383539,5177734,31446009,48689008,35124570,3373416,6295009,2923947,3401930,14085,6286826,40727483,11405252,9668443,6184610,52116413,598355,3620839,258201,76842,350814,110423,6273,15869,9501,15565,9829,611678,3637996,271660,3508582,349464,96703,0,197611748,0,55465484,1328614,1071104.0,43091.0,1114195.0,0.040183305740356445
915,174629096,106597557,4952414,14397,3465414,7364,5002584,237246,6820,15738,2525,254301,328730,40493,107856,2936553,5278824,31537030,48119201,35504278,3434390,6311358,2902463,3409209,14159,6296330,40837856,11431415,9691626,5273718,52266703,597544,3657706,251882,73288,349968,99469,6553,17643,9757,16751,9521,614321,3583165,273282,3491395,350528,98015,0,198042968,0,55689254,1336022,1589717.0,82946.0,1672663.0,0.05930304527282715
916,174740183,108115438,4973498,14718,3536614,14321,4424288,291207,6710,15191,1720,260433,325542,39360,100199,2604028,5213822,31760893,48537468,35417534,3394484,6326990,2910631,3416054,14658,6312044,40954540,11454983,9714666,6548040,52403835,594779,3602511,253009,79093,344486,100517,13027,20343,8320,18668,10112,606507,3671910,261295,3257728,347272,98389,0,198474660,0,55913380,1335910,1298886.0,75500.0,1374386.0,0.04787802696228027
917,175426721,106557495,4643626,14278,3371190,9180,4850542,207360,18285,14791,1169,248966,324191,41986,97574,1891300,5216987,31773974,49427057,35359609,3397593,6342463,2918988,3423371,15264,6328633,41068359,11479441,9738050,6035360,52529134,594049,3681688,259863,71432,348500,102295,6116,16409,14089,25117,13088,619115,3523048,272364,3479543,348700,96512,0,198906824,0,56137862,1335684,1534970.0,105956.0,1640926.0,0.05487394332885742
918,175926157,107915102,4898248,18140,3529864,8572,4929172,240438,7093,15003,956,239533,325181,41238,97953,2781004,5195946,31801959,48995137,35674848,3404787,6358647,2928064,3430746,14924,6344392,41157641,11506862,9761162,6045355,52684485,594116,3747931,254665,68854,346416,103289,6175,13271,8309,17810,10306,609698,3714349,270460,3553882,346350,96709,0,199339460,0,56362700,1311788,1426143.0,94849.0,1520992.0,0.05226731300354004
919,176308677,107761397,4763037,43165,3436031,8148,4719170,279714,6657,16164,1141,252608,324241,41572,98316,2593107,5163215,31882533,48459497,35596431,3427606,6374077,2935978,3438106,14816,6358638,41298117,11528852,9784403,6391743,52824558,592092,3753840,256066,71812,352008,99842,14343,24309,8800,29629,12575,609926,3703264,273684,3442780,347358,96318,0,199772568,0,56587894,1280425,1224729.0,74157.0,1298886.0,0.0451967716217041
920,176837251,108176783,4985173,17260,3539175,8048,4946140,210359,6049,15091,984,252848,324700,42462,106059,3244258,5232009,31981413,48375427,35900237,3487128,6390411,2944453,3445466,14709,6374810,41412167,11553794,9807520,6173183,52963183,588806,3786769,257127,74114,347314,99482,6024,16474,8653,15306,8899,610446,3626293,263813,3538351,339304,97800,0,200206148,0,56813444,1349028,1071714.0,48401.0,1120115.0,0.04091668128967285
921,175446053,109250220,4865444,14482,3579658,10171,4468563,222273,6269,15663,1004,214383,326196,39103,98577,2410698,5185673,31639524,48246861,35421157,3435615,6394493,2941492,3455370,14015,6382925,40331243,11581429,9819063,5089815,51934051,554547,3805212,219408,65748,350246,103577,5888,15373,7806,18346,8383,565479,3755507,228707,3631729,349042,95847,0,202330050,0,55365300,1314449,1694698.0,108520.0,1803218.0,0.06070542335510254
922,175656345,106731920,4435223,14538,3274038,7889,4837410,204888,15775,15492,4342,213689,325490,32479,97618,1986177,5134046,31761531,48984371,35554092,3439779,6411966,2951795,3462025,14030,6397717,40467647,11602593,9841713,6079913,52069724,550167,3829629,215567,68791,351334,101162,12903,23176,9999,13970,8395,572891,3646203,229974,3374041,344772,97839,0,202768220,0,55591596,1281744,1285764.0,77515.0,1363279.0,0.04695487022399902
923,176139785,107973829,4829233,15301,3601712,6738,4848812,277509,6674,15117,2066,209633,326103,37726,97735,2265260,5140928,31850645,47562548,35615293,3445566,6425112,2957776,3467487,14088,6414020,40582174,11627187,9867135,5761971,52194323,538714,3715655,214454,64965,350878,101599,7039,16733,7293,14372,8317,574042,3635324,220302,3570238,353014,95832,0,203206866,0,55818252,1329891,1079953.0,44983.0,1124936.0,0.04058432579040527
924,176692169,107938363,4936673,29412,3620654,7613,4949248,304387,6738,10796,992,206978,359017,39592,129932,2598996,5066298,31873180,47703642,35627552,3453628,6440484,2966052,3476167,14042,6478773,40696124,11657696,9887722,5431978,52336001,558223,3830111,213328,63730,346098,133025,5658,11559,7590,13413,9875,596389,3789831,229560,3584950,343182,131154,0,203645988,0,56045268,1324667,1016171.0,38086.0,1054257.0,0.03976321220397949
925,177422784,107392288,4913345,15749,3617834,6489,4933320,212381,7073,9959,970,202648,359818,37818,134618,2470012,5141105,31948878,48467737,36199451,3527922,6458305,2975822,3484029,13783,6448765,40809368,11677774,9911024,5828831,52484286,583800,3795872,215789,64519,352694,131555,11969,11935,6396,15193,8476,597249,3816789,225847,3572971,351982,127663,0,204085586,0,56272644,1339115,1527584.0,56274.0,1583858.0,0.05701279640197754
926,178031400,109635613,4931003,12109,3447192,10760,4395261,209710,6881,9500,866,210981,357963,38079,130362,2387840,5052222,32050334,48757108,35720135,3468364,6474326,2983776,3490674,13983,6460030,40926147,11702781,9938692,5635986,52625589,574441,3830390,202254,65039,350372,130948,5948,16667,9975,13503,8895,597877,3825900,226536,3288850,345262,130533,0,204525660,0,56500380,1348640,1581966.0,86792.0,1668758.0,0.056500911712646484
927,178291040,106457736,4635245,14248,3478779,8991,4968212,204921,16722,9861,1180,207211,356847,30185,128964,2257563,5121492,32134707,47812413,35948344,3477937,6471449,2978858,3492686,14258,6456109,41070567,11726564,9938065,5602476,52794575,546569,3867889,207517,58840,355094,132222,5798,11990,9831,13059,8211,595023,3698546,220115,3618352,352810,130142,0,204966210,0,56728476,1322611,1393857.0,89417.0,1483274.0,0.04980587959289551
928,178754867,107795348,5009190,12569,3532179,8968,4716553,286989,7155,10043,601,177693,358304,34247,129031,2321074,5136850,32219906,48371036,35930116,3479719,6464801,2971786,3502525,14088,6450637,41211394,11751064,9941607,5312207,52970886,555584,3865028,195169,60525,347660,132078,12495,12741,10155,13354,11324,575109,3851572,213240,3668935,345002,131393,0,205407236,0,56956932,1279591,1093198.0,47180.0,1140378.0,0.041116952896118164
929,181213053,109189726,5051002,26388,3626916,8605,5019480,280683,6966,11518,1041,212243,352788,36982,129327,2513094,5199943,32639051,49591811,36541308,3484555,6497222,2988938,3508375,14587,6539607,42294886,11780949,9981915,5616648,54071573,591479,3805075,217957,64568,358712,132167,6007,22619,17893,17544,10995,608141,3870456,213261,3582638,349804,128584,0,207585036,0,58811730,1310292,1128171.0,44190.0,1172361.0,0.04350113868713379
930,181627637,110204824,5121695,19175,3639059,7244,5094372,216225,6814,10382,849,221284,361585,36381,132237,3210576,5360550,32724824,49012228,36888760,3528075,6517148,2995333,3522541,14741,6502592,42413691,11805593,10009232,5509877,54215349,591836,3898603,220725,64887,354220,131671,5842,15042,9648,16146,10261,613419,3826433,242197,3689818,350684,130100,0,208033524,0,58936868,1373181,1067197.0,34851.0,1102048.0,0.04085683822631836
931,182112330,109841736,4889762,14010,3733949,16797,4754357,217366,6314,10284,622,217124,358574,40105,128435,2365629,5215076,32802819,49124607,36655668,3503360,6538260,3007956,3529857,14761,6522530,42527763,11830489,10036729,5399053,54360210,596973,3926731,231748,67249,354926,133333,6602,26857,9049,17224,20196,619281,3969932,238634,3742352,354856,128242,0,208482492,0,59062138,1371049,1395932.0,79895.0,1475827.0,0.0514984130859375
932,182533633,111453546,4741931,14178,3733624,7859,5150313,203531,16753,10059,594,238718,362373,35566,129545,1989676,5265751,32871692,51013675,36752878,3507043,6557273,3019618,3538722,15129,6542464,42637479,11855373,10064314,5727869,54491948,605505,3907112,243754,67211,358666,131841,5919,14535,8702,14541,9693,614887,3944364,238180,3777197,353812,128129,0,208931940,0,59187540,1374418,1446957.0,90149.0,1537106.0,0.05222797393798828
933,182859259,110152094,5204885,13244,3783005,8584,5124773,285013,6842,10275,723,221036,359135,40459,128086,2487290,5155913,32947456,49357516,36912062,3514638,6577597,3032705,3550136,15139,6562705,42770571,11880322,10091992,5597518,54652382,581602,4008359,238371,72098,352638,133363,6636,12501,11808,14333,10192,625719,3950251,251707,3809161,355972,127416,0,209381868,0,59313074,1381861,1162412.0,49439.0,1211851.0,0.04291820526123047
934,183270789,111096455,5215808,34960,3813860,7427,5183191,267038,6584,11780,1059,224700,356451,40221,130217,2519881,5312930,33023953,49165824,36860494,3522085,6597683,3044724,3554409,15162,6648153,42862692,11905266,10119773,6060276,54789586,623770,4020397,235813,72265,354040,132268,5959,13765,8024,18649,9736,635216,4024442,248583,3795434,357864,128704,0,209832276,0,59438740,1376512,1083249.0,39917.0,1123166.0,0.04240727424621582
935,183724497,110309553,5105757,18958,3764993,5869,5113966,201058,6644,10880,959,241877,360330,42583,134799,3460299,5387871,33091951,49458311,37362677,3599242,6618794,3058436,3561213,15091,6603048,43006814,11930232,10147558,5301025,54922870,610103,3986127,249975,71388,359406,132453,6351,20617,8351,14348,8329,621399,3990556,253267,3821468,353548,128852,0,210283164,0,59564538,1391122,1245420.0,48279.0,1293699.0,0.04738569259643555
936,184240934,114320926,5220981,13741,3447333,10692,4597300,209094,9216,10963,962,230784,361516,43247,130280,2331055,5387241,33154932,50785733,37170411,3546033,6638978,3069657,3569410,14987,6623352,43124581,11955587,10175366,5718173,55070496,598101,4022068,260863,72878,356452,132307,6539,19446,11528,14042,9710,642024,4047377,273812,3738558,345562,130914,0,210734532,0,59690468,1396460,1434384.0,83068.0,1517452.0,0.05169224739074707
937,184637635,112513342,4776327,12505,3851387,10221,5214735,227016,16075,10742,797,267378,360607,45012,129983,2592210,5292084,33252821,51498934,37285602,3548562,6659161,3082666,3577606,15936,6643984,43228690,11981412,10203534,6082273,55229410,638564,4116454,269010,79143,353856,137325,7360,12790,9570,16939,12059,661942,4137978,275264,3899149,350506,131615,0,212949814,0,59816530,1398740,1468563.0,90453.0,1559016.0,0.05231952667236328
938,184938630,112093230,5239195,13547,3922292,7227,5272477,448164,7246,10993,743,257705,360745,46656,129628,2478188,5386266,33337049,50435749,37498400,3553149,6680994,3094456,3588079,15177,6664709,43364906,12006733,10234864,6462435,55348362,649443,4063690,272640,85065,356156,131523,6998,15123,8272,16526,10523,649101,4210346,274896,3655278,349644,130558,0,213405900,0,59942724,1376046,1120725.0,41077.0,1161802.0,0.0423128604888916
939,185343863,112450853,5301667,30354,3961437,6771,5256707,239378,7955,12464,940,280187,359832,47821,134189,2588179,5379570,33410540,50517852,37594363,3559777,6709022,3107134,3592843,14913,6770614,43484558,12031522,10259755,6190033,55512548,646522,4196283,273819,79865,355766,133442,6967,16469,8113,14686,10662,669201,4093017,295793,3691854,354294,130678,0,213862470,0,60069050,1328858,1100216.0,39124.0,1139340.0,0.0424199104309082
940,185770595,113478209,5222553,16067,3980114,8027,5298851,223310,6485,11084,806,285863,361240,49092,134337,3045040,5375865,33482206,49965956,37542446,3615460,6720643,3120749,3600978,14947,6706289,43587577,12056786,10289095,5304011,55657736,658932,4206991,274640,87833,353394,132422,7156,11831,10730,16865,10088,677104,4209787,301913,3987117,348128,131207,0,214319524,0,60195508,1411329,1093015.0,39916.0,1132931.0,0.041956424713134766
941,186352445,115729784,5313125,14633,3681400,13764,4652727,196403,6671,10848,631,285179,360579,50225,129712,2550342,5428006,33535881,51764042,37658102,3580734,6742088,3133246,3608694,15041,6726597,43721168,12081879,10316480,6523662,55774181,669397,4122615,296501,89672,355988,132788,6180,28809,8023,14029,8496,662551,4250176,290097,4005378,407778,99625,0,214777062,0,60322098,1430929,1463558.0,77087.0,1540645.0,0.05279350280761719
942,186729249,112184135,4919235,14491,3998901,7533,5366682,216205,15406,11041,1079,289423,359937,48676,129574,2030823,5382256,33653849,52211681,37798918,3584034,6763767,3146179,3616999,15853,6747234,43843732,12122678,10344724,6302227,55940367,641152,4292630,301210,98377,413870,102558,5898,14778,7817,15236,9135,683518,4115407,312225,3869008,408304,100669,0,215235084,0,60448820,1418395,1552669.0,102722.0,1655391.0,0.05446672439575195
943,186962322,114448842,5402765,13448,4095167,8271,5373273,534349,7383,14741,582,255155,360599,51127,99589,2710350,5512268,33756958,49607942,37867841,3592016,6759620,3144048,3640441,15169,6744724,43973123,12131655,10452187,6597705,56129841,670240,4275713,294397,93679,412874,102761,6754,14617,12011,20517,13859,677053,4341289,288697,3896347,409104,100269,0,215693590,0,60575674,1391002,1176450.0,52246.0,1228696.0,0.04492616653442383
944,187332543,115253666,5362567,29810,3926921,7356,5432026,291449,6633,16169,982,277438,361657,53141,100509,2967708,5486529,33796854,52295078,38132212,3599925,6821932,3138376,3619364,14841,6744080,44155418,12156633,10451901,6546079,56285665,644361,4208831,276837,98501,411786,101637,4685,20545,9064,16071,8327,663290,4414694,294869,4087408,406370,99922,0,216152580,0,60702660,1381342,1118222.0,38635.0,1156857.0,0.042679548263549805
945,189775791,115648190,5462361,17764,3951924,8555,5506505,240505,7554,15092,762,296047,364755,51214,101898,3137737,5495997,34173728,52935374,38363822,3658652,6783133,3148248,3634864,15477,6767231,45203289,12187837,10476848,6145162,57396131,644384,4342973,305495,96256,416348,102886,6292,15858,15701,16574,10069,695086,4337444,318094,3970828,414174,101783,0,218401024,0,62512144,1377551,1126523.0,37476.0,1163999.0,0.043312788009643555
946,190203733,119045169,5564410,12564,3838029,11087,4808589,245073,9826,15568,1908,301593,363125,50331,100671,3328527,5560159,34247485,53297191,38281191,3613131,6795862,3147651,3649116,15419,6780318,45365174,12213009,10409005,6767284,57469655,679892,4289605,275157,93068,413868,102627,5290,14113,10902,29379,13539,689157,4384985,311104,4159367,415830,98913,0,218860132,0,62531708,1441471,1466122.0,82153.0,1548275.0,0.05329418182373047
947,190396957,116579152,5068012,12308,4107264,10956,5478272,324458,18689,15142,661,302380,361246,47010,100386,2657500,5571082,34348797,52274948,38381980,3621746,6808485,3152085,3656425,16131,6792865,45349755,12238047,10429215,7310581,57520760,661342,4189662,294084,88972,413098,100674,5248,26119,12756,15751,10164,674340,4275755,300967,4138019,415820,99830,0,219319728,0,62551176,1464905,1399838.0,85082.0,1484920.0,0.05084800720214844
948,190637784,116672319,5419390,17601,4107598,8057,5520176,531931,7229,15744,1750,285090,360896,48447,101075,2649779,5553446,34403414,53540118,38393314,3628617,6820759,3157415,3712357,15309,6805692,45376603,12262940,10449252,6362075,57620230,639495,4290565,294478,83882,414682,103388,5540,15667,20348,16333,11088,680638,4244637,303919,3847781,412136,101246,0,219779812,0,62570548,1449038,1180661.0,49866.0,1230527.0,0.044512033462524414
949,190920880,117596166,5539738,23573,4084002,8488,5517847,246654,7649,15877,915,285380,365713,44663,99793,2488763,5555924,34453946,52440879,38779270,3637995,6833207,3162156,3671059,15519,6818195,45416891,12288294,10469714,6798439,57699596,670203,4310508,282212,82297,405572,102540,5866,14391,13435,20631,16450,685870,4381235,304030,4098327,411584,99934,0,220240384,0,62589824,1450156,1167111.0,40405.0,1207516.0,0.044661521911621094
950,191203898,116852567,5521745,14280,4064438,10239,5531720,225078,6567,15822,784,289544,363563,45376,101352,2571228,5538162,34515704,52875120,38511784,3644168,6847118,3168121,3679202,15626,6829773,45464647,12313281,10489643,6822751,57752559,668981,4195891,295306,78031,418924,102791,5555,33513,12029,15365,9897,660289,4286502,297181,3881883,409616,98554,0,220701444,0,62609004,1484287,1148984.0,36560.0,1185544.0,0.04381060600280762
951,191623904,120724987,5540023,12275,3740296,14457,4937174,248246,7623,15534,563,266169,362003,42546,99430,2976167,5533393,34575885,53667709,38680539,3653806,6857764,3194966,3685733,15848,6845206,45517256,12338373,10509725,5963816,57851175,661041,4296825,288826,74853,417142,102350,6091,18574,20924,19035,9017,689601,4215908,300931,3929148,409906,100581,0,221162992,0,62628088,1424752,1481259.0,79712.0,1560971.0,0.05342745780944824
952,191816132,117318263,4688185,14137,4051466,10035,5537616,243781,12852,15496,466,288681,361845,41450,100751,2502719,5615122,34676289,54429580,38648978,3661105,6871772,3177742,3693538,15807,6854099,45548726,12363703,10529841,5950786,57926319,654625,4276129,267328,74438,408314,100789,5712,14482,12135,21299,12798,679985,4370466,302357,4013764,408476,101470,0,221625028,0,62647076,1379200,1498287.0,97778.0,1596065.0,0.05382347106933594
953,189570938,114133207,5447345,13621,4058540,8690,5307728,561220,6905,15655,1804,229320,361531,37982,100461,2719888,5522011,34295986,52440538,38315209,3671669,6870964,3174069,3733747,15197,6853526,44367199,12389643,10539068,6593524,56735542,620061,3972431,246097,71698,416184,102236,5960,21249,9132,13671,8912,618843,4309531,238669,4131724,410106,101152,0,223897018,0,60865078,1378704,1211850.0,48584.0,1260434.0,0.04554009437561035
954,189899731,114478623,5414129,17314,4002361,8714,5353771,236470,6712,16167,888,234449,363610,37954,99310,2824348,5511735,34355138,52730993,38359789,3684753,6880847,3178040,3704342,15085,6867413,44415012,12414670,10551616,5760129,56810125,582850,4305073,239927,65227,414930,101328,7323,14789,13988,13539,8271,631315,4253616,261193,3774024,409054,101285,0,224363740,0,60876220,1433660,1194760.0,44861.0,1239621.0,0.04529237747192383
955,190130863,116097064,5374197,12938,4039684,7311,5392621,238282,7669,15918,767,243422,362405,41301,103942,2895495,5551864,34385555,53664788,38509261,3683301,6893250,3183001,3710892,14854,6878643,44433321,12439941,10571868,6057081,56903070,607499,4269560,213265,63417,416430,101036,6006,14007,9048,16561,16102,633670,4295366,252668,4079968,411236,101625,0,224830954,0,60887254,1443304,1138059.0,36987.0,1175046.0,0.043328046798706055
956,190605465,117854143,5372238,12484,3746221,11597,4889299,238195,7058,16298,1101,219200,360921,35712,98582,2829558,5617696,34461843,53123843,38337129,3694070,6905344,3187643,3718922,14896,6890349,44504899,12465463,10597227,5377360,56963842,606163,3985505,228818,61353,414644,100888,5990,20579,8640,14024,9238,616547,4302089,234080,4025793,407832,105310,0,225298660,0,60898180,1451524,1537838.0,87829.0,1625667.0,0.05605626106262207
957,190691548,116591080,5003828,12664,4005288,7655,5430102,259652,13171,16275,612,244953,359088,38036,99598,3006450,5634011,34524546,50614952,38628108,3702330,6916706,3190630,3753045,14892,6902522,44555009,12489778,10611753,5998579,57049229,590365,4303175,241390,60445,415332,101807,7679,18322,15788,13827,7086,634652,4171407,245648,3784670,409124,100935,0,225766858,0,60908998,1384673,1421139.0,81360.0,1502499.0,0.051897525787353516
958,190982883,117166221,5437387,12148,3995842,8502,5418129,419437,8370,15988,537,226216,365722,32940,99706,2729606,5540786,34583498,52729431,38457546,3723219,6928976,3196602,3733285,14849,6913091,44598623,12515907,10636116,6124676,57123292,603698,4254045,210141,59186,411612,100961,4944,13156,7475,25611,8963,611850,4209909,249944,4037869,409442,100577,0,226235548,0,60919708,1456030,1145627.0,43579.0,1189206.0,0.04419207572937012
959,191213182,117699449,5416402,19698,3993210,6919,5467629,248212,7668,17504,918,217635,363346,34194,99300,3159782,5635041,34658386,53131308,38616408,3714898,6920774,3186257,3733587,14857,6905756,44692844,12539985,10634197,5709273,57218237,598233,4077736,201967,52107,418056,100776,6283,21835,7837,13882,7885,598198,4230659,218156,3838328,410474,101337,0,226704730,0,60930310,1444931,1134275.0,36987.0,1171262.0,0.04366326332092285
960,191457655,117253960,5385725,14164,3975636,7950,5406937,266834,7866,16209,1733,223078,361218,30420,104627,2950261,5623508,34691717,54009396,38550831,3732186,6910932,3178440,3735271,14632,6895718,44778450,12565116,10630251,6654889,57333073,562867,4263373,213424,48342,414826,101349,7872,14357,10134,12649,7903,609187,3872150,232740,3686746,400852,101209,0,227174404,0,60940804,1397597,1113767.0,35950.0,1149717.0,0.04277300834655762
961,194232715,118614696,5494072,13005,3865520,16901,5029620,259207,7561,16936,590,237401,363040,32934,101436,3059698,5614389,35125721,53029843,39002359,3730325,6947238,3194197,3753038,15413,6931580,45903562,12598663,10677582,6404567,58520608,599839,4239937,218798,55743,412990,102432,5695,16264,10124,23149,13612,635429,4219412,249969,4028445,411192,99176,0,229504100,0,62922920,1467413,1434200.0,80383.0,1514583.0,0.053568124771118164
962,194599757,119447500,5370330,14692,4088640,9131,5586307,245040,10416,16191,834,240585,366655,34399,102107,2514797,5648231,35246911,53922721,39036193,3748739,6981354,3200759,3826302,16018,6952614,46047384,12624315,10794419,6179835,58666744,614455,4166546,246849,54798,419528,102959,5858,28276,10471,15729,11279,624526,4260548,248502,4095020,416874,99471,0,229983412,0,63054292,1458828,1455379.0,92834.0,1548213.0,0.053035736083984375
963,194940821,119465353,5557078,16871,4038324,7871,5634571,565089,8036,16988,975,240816,366117,36288,100746,2829537,5681988,35307070,54053486,39101066,3745826,6988844,3214285,3775272,15605,6973476,46172108,12650120,10734682,4860714,58817843,631168,4321108,255153,57163,417822,104825,6475,20620,25806,16019,9812,647748,3999428,264519,3774215,416870,100508,0,230463220,0,63185800,1412580,1144468.0,45105.0,1189573.0,0.04380917549133301
964,195367038,120169627,5585439,22818,4080379,8471,5639073,244861,7697,16775,2477,250120,364719,36250,113281,3047787,5748064,35336392,54107627,39618865,3753590,7011094,3226706,3783400,15760,6996069,46287218,12680533,10763225,6204988,58973792,634312,4361527,239281,59807,412016,103078,5458,15958,9373,18862,13648,651727,4367913,267485,4138712,413154,100805,0,230943524,0,63317444,1477006,1098264.0,38880.0,1137144.0,0.04315614700317383
965,195793944,120468027,5607222,14106,4143594,8462,5453441,246470,7464,16266,2018,262541,366340,36621,99965,2992523,5753206,35477119,53662371,39249580,3762399,7030785,3240616,3791682,15574,7015132,46424235,12701815,10791950,6200281,59119014,636480,4248939,266301,61966,414826,104524,5728,23073,8492,15315,8798,659378,4301047,248853,4071051,412422,99368,0,231424324,0,63449224,1501316,1105893.0,36438.0,1142331.0,0.0429379940032959
966,196422159,121157316,5393159,18317,3869064,17168,5303198,237637,7520,16478,1709,263096,366509,38630,101668,2689845,5730108,35568521,54519935,39563174,3769112,7051747,3252288,3799663,15855,7035982,46547701,12739724,10820890,5514816,59276922,610578,4253216,267163,63342,419328,110313,6001,16054,28943,14236,10765,656475,4201937,272945,4096301,411936,101819,0,231905620,0,63581140,1492579,1557796.0,88257.0,1646053.0,0.0575103759765625
967,196728741,118962810,5663064,15411,4158250,8395,5693517,241661,11153,18400,949,248700,370990,40139,101240,2995887,5875250,35619682,54439932,39554369,3776916,7072751,3265794,3820301,16338,7120432,46660516,12753121,10849668,6587879,59422415,644741,4458718,239969,64062,408992,103864,6250,13848,9533,21197,26114,664903,4354620,289394,4196224,414900,100117,0,232387412,0,63713192,1452688,1387569.0,85144.0,1472713.0,0.0511629581451416
968,197089973,120381726,5606071,14103,4207298,10127,5539338,565198,7656,17405,720,271380,364832,39808,101141,3197909,5876349,35699671,54856246,39795093,3784719,7093984,3278595,3815948,16072,7077939,46800290,12779059,10879253,7101432,59558387,649653,4005085,284517,68188,421048,103525,5399,25340,10191,13812,25006,641188,4457618,256073,4064888,410390,102054,0,232869700,0,63845380,1447652,1189267.0,47912.0,1237179.0,0.045735836029052734
969,197515046,121251550,5671625,23335,4261162,7985,5536922,255921,8897,16627,2073,285473,365548,43787,99571,3113773,5886862,35814164,55143945,39817708,3792519,7114311,3292051,3823165,15758,7098417,46925310,12806082,10906843,7152017,59732926,666514,4538261,301939,73190,419574,110049,6169,23891,18777,16560,13005,684742,4410923,302075,4051548,415918,100318,0,235238158,0,63977704,1500733,1227414.0,44555.0,1271969.0,0.04676175117492676
970,197953067,121194661,5742183,15575,4300932,12899,5727867,273799,8564,17086,687,290363,363790,43889,101471,2537544,5943303,35786987,54536456,40140948,3800780,7135622,3304307,3831701,15942,7119996,47074228,12832265,10935465,6266062,59884031,703700,4605262,267322,76049,412864,134871,5810,18814,9664,21963,11136,721426,4562994,307647,4460324,405358,134888,0,235725324,0,64110164,1471165,1170407.0,42175.0,1212582.0,0.044628143310546875
971,198520289,120393641,5273288,14133,4085695,14472,5303965,253228,7844,10922,875,263371,400864,46782,131764,2999479,5839912,35964231,54370728,40031204,3807640,7157155,3317621,3845701,15962,7141543,47178140,12857929,10965207,6899749,60011013,706980,4073625,305608,78786,421382,135961,4694,23949,8716,14051,9124,706831,4567556,300475,4483833,414756,130766,0,236212990,0,64242760,1452398,1577938.0,91675.0,1669613.0,0.05640912055969238
972,198811220,120606312,5755047,14245,4397920,8681,5800493,275927,8613,11601,687,298081,396923,43502,134212,3008170,5841835,35945511,54753036,40091920,3817220,7178525,3331867,3847684,16383,7162517,47301707,12883790,10993988,6525020,60186297,670290,4641469,304773,73816,420140,140956,5820,14665,20986,16697,27647,716339,4328724,317352,4403238,413856,134396,0,236701156,0,64375492,1499196,1444515.0,86547.0,1531062.0,0.05171990394592285
973,199246653,121316407,5872376,13569,4433094,7823,5698047,451574,7264,11257,638,304515,395463,48363,133523,3155525,5850467,36040818,53528714,40029007,3823302,7210666,3344976,3855878,16656,7184038,47402859,12909855,11023483,6982430,60338421,718167,4670374,297859,80980,412814,135828,5021,13346,10341,18432,10067,742906,4634241,323990,4564513,412308,132199,0,237189822,0,64508360,1512884,1161741.0,44617.0,1206358.0,0.04542398452758789
974,199681395,120369932,5862175,21087,4405688,9175,5822183,244598,8962,11046,616,303476,398489,47189,132429,3201416,5934320,36098907,54495895,40360142,3835010,7221790,3357853,3864145,16016,7205781,47556438,12935774,11056259,7006805,60484886,724343,4400400,314157,84313,422568,135468,4834,29221,8659,15235,10351,746045,4644131,317047,4568585,410130,133817,0,237678988,0,64641364,1494954,1123410.0,37476.0,1160886.0,0.044389963150024414
975,200068788,120674308,5833988,14857,4430357,8460,5959047,267844,8927,11508,1251,291629,399322,51456,133524,2913400,5897654,36190804,55462667,40272938,3838987,7219329,3354387,3865573,16644,7202341,47699644,12961925,11059221,6394236,60680998,717570,4708350,311019,84886,422854,138676,5697,18291,17107,17335,27460,725728,4512453,329563,4462637,411926,132136,0,238168654,0,64774504,1446480,1157590.0,38452.0,1196042.0,0.04483342170715332
976,200643614,125171799,5431257,14013,4017766,17254,5339796,258492,12201,12170,811,306563,397954,49179,132213,2885947,6032128,36238507,55220350,40569114,3846829,7216405,3350450,3866514,16281,7200262,47883303,12988019,11065879,7041142,60870944,728242,4738553,281560,92824,415520,136014,5646,15038,9323,15911,12256,735067,4774452,331198,4668291,409992,132650,0,238658820,0,64907780,1519495,1593563.0,90088.0,1683651.0,0.058481693267822266
977,203395826,123629538,5994797,16582,4543177,8953,5941117,261485,8854,11549,806,327685,398773,51383,134657,2909807,5979898,36758691,54863929,40953669,3854688,7248812,3365807,3883148,16854,7232107,49074473,13024515,11103524,7130352,62096762,741914,4435435,312856,91967,422242,135737,5659,27927,10256,17297,12771,744794,4789773,330963,4624198,418798,129964,0,241063480,0,67075066,1544531,1412411.0,96191.0,1508602.0,0.051688432693481445
978,203929658,124434295,6047148,13712,4572435,10012,6017435,521595,8120,11762,672,322723,399093,47864,133099,2364488,6142155,36815413,55636067,40910916,3862551,7266722,3368100,3898176,16631,7249530,49206112,13046405,11128706,8043779,62260303,717260,4834397,333562,82107,422236,142326,5475,15997,21000,18366,17243,762651,4557135,341173,4516202,417734,134873,0,241555684,0,67329772,1482455,1181942.0,45593.0,1227535.0,0.045504093170166016
979,204562607,125297066,6032987,16486,4507421,8983,5884469,242449,7573,12225,1250,306591,396254,48562,132618,2848890,6095760,36969394,56673459,41107880,3870440,7283421,3378625,3906630,17682,7274727,49335355,13072850,11154012,6849709,62413876,738348,4860951,313965,84963,417974,137615,5903,14641,13171,22279,11042,762313,4776149,340452,4647249,420144,133646,0,242048392,0,67584858,1542078,1213376.0,46020.0,1259396.0,0.046988487243652344
980,205109648,124277963,6041663,14881,4640812,10000,6059271,266596,14331,12386,755,306061,399916,49313,132543,2936476,6056900,37042776,54672520,41556974,4085530,7301065,3387728,3913881,16222,7284332,49456682,13099321,11179360,7228872,62556513,730591,4658064,340869,83533,424158,136412,5232,27804,14485,20090,11646,757348,4730402,331350,4634972,423786,131597,0,242541604,0,67840324,1544290,1194028.0,43396.0,1237424.0,0.04591655731201172
981,205893027,127773749,5276039,14821,4254186,14391,5348963,292417,9014,11799,600,324232,399695,49379,134495,2880715,5949518,37275216,56150020,41469476,3886717,7319072,3397845,3921745,16401,7303256,49597204,13125645,11204594,7237903,62723066,733111,4919350,340108,85567,422646,141935,6300,15501,11728,18221,29079,739518,4563135,342468,4556566,424500,131799,0,243035320,0,68096170,1565798,1554684.0,92712.0,1647396.0,0.056729793548583984
982,206327866,125297805,6057204,17176,4609947,11068,6061966,245756,7616,11905,897,318822,405605,45394,132797,2449403,5904869,37203501,56213075,41403436,3896514,7335726,3407383,3929606,16572,7319833,49722391,13152093,11229841,7100181,62880331,723180,4799574,302084,78845,412776,137027,6015,17875,10139,16349,9347,740765,4706337,320968,4697224,415588,132734,0,243529540,0,68352396,1531742,1410519.0,88622.0,1499141.0,0.051729440689086914
983,206878125,124888057,6122148,24136,4554720,8306,6080712,478146,8112,12331,1689,290022,400446,46787,131586,2712255,6001460,37270466,56387556,41571306,3902045,7361277,3415694,3941359,17491,7335555,49857246,13181218,11255209,7211737,63021436,729914,4767875,264351,81514,415526,135201,5662,27585,9746,14745,11260,724290,4756715,301765,4722993,421038,137128,0,244024264,0,68609002,1501173,1243893.0,46631.0,1290524.0,0.04703497886657715
984,207479366,126168101,6061902,16202,4628267,8595,6103292,256601,15490,12437,864,305220,401262,47293,131884,2849140,6005241,37410036,58233796,41771866,3910117,7371383,3426253,3945335,17140,7353355,49989518,13205129,11280611,6952981,63196116,734050,4884214,301130,73862,418052,144771,7230,14540,18990,15991,23172,726249,4528407,331234,4503228,407744,134120,0,244519492,0,68865988,1570720,1211605.0,39429.0,1251034.0,0.04675936698913574
985,205418091,123295967,6005854,13927,4629625,9050,6007342,250375,6868,11910,1064,283257,399443,45829,134292,2624498,5934618,37140032,55596537,41421710,3926398,7381470,3441817,3952886,16354,7360291,48788074,13232168,11317897,7036464,62026552,693078,4946554,283463,77860,417954,136916,5894,13510,8994,16255,9696,710528,4787119,281735,4795165,423082,132991,0,246948530,0,67206872,1528430,1215634.0,40345.0,1255979.0,0.04642653465270996
986,206129687,128092243,5460194,14180,4550842,11430,5410264,252499,7080,12339,695,276636,399786,42519,131365,2329051,6059781,37162092,55772201,41386213,3927679,7395813,3429918,3960312,15749,7375105,48894926,13258032,11322897,6124391,62163497,663118,4685953,281412,74946,423934,136118,8179,24208,8148,16350,9763,679347,4802256,277725,4773747,417008,139736,0,247448668,0,67464652,1495620,1831172.0,107788.0,1938960.0,0.06563997268676758
987,206610066,124543926,6044447,13441,4673021,8954,6064533,274269,8756,13559,742,277431,399720,44320,135003,2975027,5974967,37284169,55661263,41627720,3934122,7423557,3439372,3968803,17376,7390334,49045674,13284565,11343981,6283829,62334632,709981,4899242,283133,72879,423506,141091,7690,15729,13441,14285,12924,709988,4607134,282126,4695584,409444,133225,0,247949314,0,67722816,1562184,1273922.0,71044.0,1344966.0,0.048259735107421875
988,207239345,125506760,6012121,18908,4703040,9014,6045159,580564,16317,12633,1061,265906,399290,44599,132808,2705229,6075435,37370997,56194232,41711960,3946565,7426699,3449537,3977285,15996,7412081,49166738,13311235,11372768,6523132,62471263,680339,4777532,262130,75959,412026,139045,6118,16490,8601,15127,10816,693628,4732009,278815,4763181,418796,133858,0,248450468,0,67981364,1542769,1245907.0,51147.0,1297054.0,0.048451900482177734
989,207803968,125625914,6090463,13757,4685156,7802,5995000,310907,9190,12470,597,274063,400115,44146,138688,3229543,5941430,37481396,55936615,42009973,3955893,7443703,3459431,3985418,16185,7427847,49294589,13338409,11394914,6539731,62632165,684805,4742399,293178,73271,427194,136598,6241,23906,8627,13850,11474,675021,4682571,284439,4769639,426298,133741,0,248952130,0,68240296,1527210,1225339.0,47485.0,1272824.0,0.047266483306884766
990,208386809,125915196,6045036,13254,4678264,8495,6031656,248480,8844,12401,816,274252,402265,41572,132160,3213362,5918914,37563326,56791757,41986551,3959597,7461121,3467331,3992004,16290,7444604,49431426,13367041,11417438,5927051,62793571,685006,4965939,255037,70788,421862,142716,6975,12726,10867,12885,12989,692033,4705124,290586,4667106,414892,134577,0,249454300,0,68499612,1562849,1217282.0,42114.0,1259396.0,0.04679250717163086
991,209091775,129295403,5619429,12902,4549798,8719,5755337,254047,9396,13771,828,248275,399689,42063,133796,3098812,5849304,37765611,54075809,41879775,3966014,7464822,3460220,3993368,16575,7436147,49593465,13391345,11423052,7074900,62989251,699640,4909027,276839,69645,416102,137499,6095,13276,8878,14461,9558,683724,4878453,282826,4819172,428524,131863,0,249956978,0,68759312,1572146,1524777.0,95397.0,1620174.0,0.05613851547241211
992,209527975,126489944,5731104,13000,4677111,8506,6037347,250850,10714,13460,675,262946,400920,38811,132168,2708762,5940881,37724382,55755610,42056818,3976082,7446259,3451396,3994834,16251,7428881,49765591,13416439,11419407,6787563,63178812,669919,4688647,247749,73121,420118,137038,6183,21262,8240,15087,8509,673897,4765441,252993,4846186,419938,135879,0,250460164,0,69019396,1567970,1408627.0,83801.0,1492428.0,0.05185127258300781
993,212301809,128200391,6152439,23445,4752486,10596,6205306,611777,10340,13066,624,279046,401201,44051,134593,4743067,5963253,38211183,57387657,42717567,3981990,7483147,3471800,4011523,16781,7468136,50999876,13447812,11464994,6967071,64447577,697449,5078331,271702,69693,427098,136300,6531,15667,16492,17337,15464,724049,4758883,298932,4703272,413904,132498,0,252946876,0,71137022,1597703,1215207.0,45166.0,1260373.0,0.04662752151489258
994,212758131,128030409,6268018,13844,4810381,8215,6151279,275125,9623,12979,917,289241,405684,44248,137322,3006503,6003998,38319119,57863478,42778806,3989985,7505081,3477962,4027161,16710,7488080,51129463,13474557,11495282,6641610,64607808,720824,5055915,287786,74267,425640,139805,6904,16407,11065,22633,13155,718114,4888310,297955,4855198,420622,131302,0,253458036,0,71278724,1560826,1187253.0,39428.0,1226681.0,0.04593396186828613
995,213208038,127650816,6251980,14052,4836182,9615,6289775,277022,9329,15325,913,261458,403368,43426,133129,3169815,6012332,38393648,56727147,42884427,3998011,7560576,3493908,4035514,17798,7509690,51267362,13500963,11525264,6595106,64768863,720048,4648401,302357,76002,427058,136243,6827,22755,11169,18553,13523,708883,5004528,302924,4898673,427594,135502,0,253969708,0,71420566,1536216,1209653.0,39856.0,1249509.0,0.04672694206237793
996,213866728,130035617,6257288,19138,4738741,11414,5870203,248138,16571,13578,557,297281,401289,45223,135327,3029743,6113256,38489522,58688039,43021893,4072949,7550405,3505893,4043922,17015,7532646,51400328,13527599,11555551,6755649,64928214,694627,4932110,266740,80922,422116,139532,6774,14894,15906,16619,13198,730925,5010808,303278,4743166,413368,131698,0,254481892,0,71562548,1604300,1621089.0,97656.0,1718745.0,0.05836772918701172
997,214161936,129865453,6301722,20448,4911617,9823,6330236,268709,9394,13786,639,300557,403372,47391,135909,3228660,5994699,38617731,57838616,42920921,4015733,7571858,3520803,4052320,16921,7555561,51515274,13554254,11585910,7244339,65084964,723189,4811993,321462,79274,418704,137410,5485,12831,8832,18986,11418,744191,4766995,315481,4990820,423704,132503,0,254994588,0,71704670,1611542,1380672.0,81237.0,1461909.0,0.05177187919616699
998,214562208,129905578,6322891,16150,4847771,8097,6285214,436052,8397,13359,1324,307845,398111,49592,133767,3131297,6240519,38644869,57099519,43122448,4023200,7594123,3533552,4061187,16929,7577384,51667690,13580924,11616369,7130001,65245082,737749,5088793,312678,85771,423682,138792,5883,25616,10588,16833,10960,747504,5086779,312346,5009259,429066,137885,0,255507796,0,71846932,1629466,1218320.0,45838.0,1264158.0,0.046901702880859375
999,215011724,129851169,6293559,16914,4981100,8242,6376922,274855,8446,15168,963,263981,401585,50503,133747,3133809,6178679,38714814,58331996,43222883,4030140,7709887,3548547,4069207,18124,7598179,51797370,13607446,11646687,6694420,65398545,731871,4850984,292974,86396,419376,146405,7410,13966,12524,14123,23671,752604,4859472,312245,4869711,413386,133312,0,256021516,0,71989334,1631881,1251950.0,50781.0,1302731.0,0.04745984077453613
