Total Instructions,Total Cycles,L1 Data Cache Misses,L1 Instruction Cache Misses,L2 Data Cache Misses,L2 Instruction Cache Misses,L1 Cache Misses,L2 Cache Misses,L3 Load Misses,Data TLB Misses,Ins TLB Misses,L1 Load Misses,L1 Store Misses,L2 Load Misses,L2 Store Misses,Cycles Stall Waiting for MemWrites,Cycles With 0 ins issue,Cycles With max ins issue,Cycles With no ins comp,Cycles With max ins comp,Unconditional branch ins,Conditional branch ins,Conditional branch ins taken,Conditional branch ins not taken,Conditional branch ins mispred,Conditional branch ins corr_pred,Load ins,Store Ins,Branch Ins,Cycle stalled on any resoruce,Loas/Store ins comp,L2 data cache access,L3 data cache access,L2 data cache reads,L3 data cache reads,L2 data cache writes,L3 data cache writes,L2 ins cache hits,L2 ins cache accesses,L3 ins cache accesses,L2 ins cache reads,L3 ins cache reads,L2 tot cache access,L3 tot cache access,L2 tot cache reads,L3 tot cache reads,L2 tot cache writes,L3 tot cache writes,FLOPS:sing_prec_vec_ops,FLOPS:dob_prec_vec_ops,Sing precision vec ins,Dob prec vec ins,Ref clock cyc,cpu energy,dram energy,total energy,total time







4082671,4149360,105930,218414,310068,103412,357150,87144,1021,7119,4856,77261,8348,42545,3005,28742,1403781,721044,3983866,746501,141572,593638,94318,498654,21407,570228,1133497,564584,732101,681872,1699457,294011,313364,76352,43963,3678,3258,99788,217283,96389,218690,110869,510386,421348,287653,405792,3918,3122,2,5385,2,3529,23364,693235.0,15930.0,709165.0,0.040433645248413086
4020232,4138583,107296,217509,316083,106798,335338,54077,1064,7194,5073,78498,8144,44606,3076,24354,1623533,730484,4000790,765377,145562,600141,95858,504224,21521,576761,1150502,572456,742859,1078424,1723804,297446,320171,77852,43863,3832,3189,118872,213980,98157,229874,103240,588689,421998,290592,418407,3914,3071,2,10190,2,6038,21946,29907.0,672.0,30579.0,0.0010690689086914062
4087231,4234197,108806,220126,317257,102875,350831,73187,1081,6983,5323,79385,8573,42341,3391,39091,1604527,742130,3702781,779632,149573,608663,98578,510113,25543,584839,1170963,581491,755370,874209,1753050,309617,325512,78481,47485,3914,3316,116467,214258,100224,220086,100505,530997,431633,291876,414735,3978,3366,2,16767,2,9476,22246,28015.0,611.0,28626.0,0.00103759765625
4159562,4293312,114148,220103,324989,105347,336717,55222,696,7017,4412,78628,8613,42257,3529,30791,1485485,751267,4386026,796494,153614,616884,99658,516514,22948,593699,1191029,590459,767748,1158923,1780449,310362,313219,77915,43844,3950,3430,115530,215784,104389,234887,102719,542360,454419,289921,425860,3882,3429,2,25156,2,13841,22633,24842.0,427.0,25269.0,0.0010714530944824219
4235953,4248951,111461,220250,320526,107069,355961,49436,1604,7235,4619,79514,9816,42928,3421,36682,1504643,765671,4259263,813040,157978,626168,102974,523370,22500,602709,1212595,600924,781629,1146964,1813085,324555,316460,79211,44173,3852,3625,125766,213849,100790,233357,101859,538476,430762,294291,440473,3936,3545,2,35950,2,19016,22659,23072.0,366.0,23438.0,0.0010302066802978516
4297709,4306156,112502,223486,323793,112658,328502,51896,835,7662,4862,79953,8775,42456,3684,42167,1469242,786583,5414000,827414,161660,635062,105653,529403,22689,611471,1235375,609239,794325,1133037,1845522,315717,317818,79153,44274,4194,3816,117107,217638,102529,233769,104449,536425,443790,292439,442289,4166,3793,2,47189,2,23745,22614,25024.0,305.0,25329.0,0.0009953975677490234
4375377,4530469,116053,222843,326985,106994,360225,53671,550,8278,5270,80944,9417,42405,3707,41135,1505720,804372,3770945,847192,165994,644331,108489,535834,22302,620339,1257105,619849,807730,779418,1877832,317011,315281,79572,46471,4290,3892,118394,216035,101706,232386,103027,538824,424068,293926,435990,4402,5196,2,61016,2,30226,22975,30700.0,488.0,31188.0,0.0010802745819091797
4442349,4397438,118226,220629,326254,103894,336925,82000,520,7756,5290,80947,9725,42597,3908,86002,1452404,806851,3753081,865335,170036,652852,110423,542223,22080,629231,1279870,629712,820427,538810,1908721,309725,316169,79749,45167,4186,3808,117536,218388,105716,227050,102957,543173,442086,294908,429429,4208,3894,2,75715,2,36654,23103,31311.0,672.0,31983.0,0.001112222671508789
4510777,4761001,116580,221979,329033,118287,341381,48426,502,8092,4402,82584,9480,42457,4139,34504,1490400,828434,3427326,882118,174134,662657,114036,548542,22156,638439,1302550,639535,834213,511215,1942126,319123,316960,80743,44748,4320,4162,116455,219079,112145,224617,104209,542473,431828,293762,446556,4444,4187,2,92734,2,43760,23043,27100.0,549.0,27649.0,0.0010540485382080078
4592466,4598603,119330,218624,326455,110981,345516,45873,1037,7972,4976,82725,9476,42916,4146,26853,1455481,836328,3339336,899850,178447,671995,117120,554974,21914,647151,1327014,649893,847587,490796,1977946,320926,316979,85211,46110,4612,4848,115218,214088,105737,220372,105069,546991,428101,314117,443331,4452,5072,2,111564,2,51786,23601,23804.0,550.0,24354.0,0.0010704994201660156
Total Instructions,Total Cycles,L1 Data Cache Misses,L1 Instruction Cache Misses,L2 Data Cache Misses,L2 Instruction Cache Misses,L1 Cache Misses,L2 Cache Misses,L3 Load Misses,Data TLB Misses,Ins TLB Misses,L1 Load Misses,L1 Store Misses,L2 Load Misses,L2 Store Misses,Cycles Stall Waiting for MemWrites,Cycles With 0 ins issue,Cycles With max ins issue,Cycles With no ins comp,Cycles With max ins comp,Unconditional branch ins,Conditional branch ins,Conditional branch ins taken,Conditional branch ins not taken,Conditional branch ins mispred,Conditional branch ins corr_pred,Load ins,Store Ins,Branch Ins,Cycle stalled on any resoruce,Loas/Store ins comp,L2 data cache access,L3 data cache access,L2 data cache reads,L3 data cache reads,L2 data cache writes,L3 data cache writes,L2 ins cache hits,L2 ins cache accesses,L3 ins cache accesses,L2 ins cache reads,L3 ins cache reads,L2 tot cache access,L3 tot cache access,L2 tot cache reads,L3 tot cache reads,L2 tot cache writes,L3 tot cache writes,FLOPS:sing_prec_vec_ops,FLOPS:dob_prec_vec_ops,Sing precision vec ins,Dob prec vec ins,Ref clock cyc,cpu energy,dram energy,total energy,total time
3379708,2688292,109806,105359,246577,57612,214191,3568,39,2923,2736,53723,15652,21069,9632,110619,945952,576452,2781318,792795,265558,395465,112437,283198,11359,384167,1015207,430793,660464,249513,1443858,178047,249030,54553,25105,6214,9917,50242,108061,59131,103791,59250,280611,304243,157516,296194,7328,9898,2,247812,2,161112,16605,727842.0,15930.0,743772.0,0.04562664031982422
3245967,2613944,110120,103141,248812,57493,214723,2592,50,2842,2856,53916,15590,21152,10050,91884,865588,581117,1794150,786021,265465,395494,112312,283169,10837,383843,1014888,430958,660558,238657,1443738,174829,249751,55411,26109,5742,10055,46685,104279,58198,103594,57616,275632,305369,156695,292778,6870,9905,2,247812,2,161112,19554,33325.0,610.0,33935.0,0.0006794929504394531
3243848,2599822,110123,105189,247452,58097,214821,2547,72,2939,2630,54031,15647,21471,9935,103650,975797,573859,2369179,789950,265529,395510,112433,283059,11105,383924,1014975,430780,659559,233397,1443802,178541,249509,55157,24857,6144,9783,45178,105283,57641,104156,58602,275378,303795,157070,293783,5788,9876,2,247812,2,161112,16430,34363.0,366.0,34729.0,0.0006449222564697266
3244819,2594341,110258,103962,246828,58854,214344,2163,47,2915,2910,53952,15562,21819,10066,86344,1056378,575803,1740523,788887,265516,395524,112316,282771,11022,383996,1014953,430984,659550,242121,1444110,178348,254789,54066,25077,5962,9973,46870,103495,58468,102759,57488,278275,302558,159129,293250,6942,9929,2,247812,2,161112,15871,24414.0,366.0,24780.0,0.0006086826324462891
3244390,2598131,109837,104711,248899,57322,215325,3171,40,2869,2930,53858,15683,22797,9787,126555,1001373,573166,2181235,792860,265548,395465,112433,282913,11233,384059,1015188,430789,659576,401943,1443558,176699,249450,54502,25476,6482,10062,46206,103673,57691,104387,58104,275073,304314,158647,293919,5982,9907,2,247812,2,161112,16424,0.0,0.0,0.0,0.0006883144378662109
3245282,2601067,110159,104195,249599,56794,214778,2439,91,3043,2763,53962,15698,22082,9729,96581,1090525,583151,1900741,779162,265504,395464,112316,282795,11112,383814,1014930,430978,659535,622865,1443628,176868,258075,54248,25132,6286,9890,46809,103812,59008,103094,57878,281148,302964,157439,295442,6526,9829,2,247812,2,161112,16791,36255.0,427.0,36682.0,0.0006134510040283203
3244335,2655434,110457,103736,246492,57484,212249,3347,140,2992,2776,53876,15632,22005,9744,90198,993007,581291,2396367,791904,265528,395459,112433,282936,11310,384002,1014974,430781,659567,492301,1443541,181372,249701,54451,25164,6564,10031,47712,102426,58436,105435,57121,276700,306810,155300,291757,5828,9895,2,247812,2,161112,16818,34729.0,427.0,35156.0,0.0006966590881347656
Total Instructions,Total Cycles,L1 Data Cache Misses,L1 Instruction Cache Misses,L2 Data Cache Misses,L2 Instruction Cache Misses,L1 Cache Misses,L2 Cache Misses,L3 Load Misses,Data TLB Misses,Ins TLB Misses,L1 Load Misses,L1 Store Misses,L2 Load Misses,L2 Store Misses,Cycles Stall Waiting for MemWrites,Cycles With 0 ins issue,Cycles With max ins issue,Cycles With no ins comp,Cycles With max ins comp,Unconditional branch ins,Conditional branch ins,Conditional branch ins taken,Conditional branch ins not taken,Conditional branch ins mispred,Conditional branch ins corr_pred,Load ins,Store Ins,Branch Ins,Cycle stalled on any resoruce,Loas/Store ins comp,L2 data cache access,L3 data cache access,L2 data cache reads,L3 data cache reads,L2 data cache writes,L3 data cache writes,L2 ins cache hits,L2 ins cache accesses,L3 ins cache accesses,L2 ins cache reads,L3 ins cache reads,L2 tot cache access,L3 tot cache access,L2 tot cache reads,L3 tot cache reads,L2 tot cache writes,L3 tot cache writes,FLOPS:sing_prec_vec_ops,FLOPS:dob_prec_vec_ops,Sing precision vec ins,Dob prec vec ins,Ref clock cyc,cpu energy,dram energy,total energy,total time
3370721,2974599,101189,108709,236775,61314,207560,24854,1780,5335,3550,51557,6753,21975,2451,47233,1089847,595338,2229621,798729,265867,394355,111758,282800,14238,379791,1015504,431425,659713,733275,1442031,166909,242189,52560,28793,5482,2224,47620,109982,60462,113394,66371,286120,351318,165460,298273,5468,2192,2,247812,2,161112,16448,657530.0,14710.0,672240.0,0.03755378723144531
6990283,4357183,162239,104879,323570,60992,266463,57429,421,5022,3661,76748,20561,24296,8677,60233,1041291,1139737,2848459,1733721,564023,745431,328817,416504,14660,730873,2413806,1083979,1308999,1561386,3494676,203461,330003,77270,31369,18122,8290,45716,113614,61498,119632,68050,323199,475177,188303,378160,14932,8597,2,462779,2,268740,23338,25879.0,488.0,26367.0,0.0012438297271728516
8055613,5213359,219204,116520,405049,61754,327235,33215,1951,5074,3497,103427,22823,29026,10641,130326,1186157,1344856,2979525,2027092,664850,852968,401009,451981,14611,838672,2768507,1213274,1516422,1624591,3978649,228138,422010,102094,43468,11366,10557,43822,114918,62094,116688,67014,354576,577984,205539,457858,12238,10122,2,744172,2,401549,26835,38941.0,855.0,39796.0,0.0014719963073730469
9236980,5646225,294765,109335,533813,63231,399516,50401,2582,4898,3612,131767,30738,37816,13540,109796,1227303,1537660,3132131,2348624,765287,965343,444859,519937,12481,951785,3145501,1346675,1729072,1320455,4490449,276974,525999,129251,61073,16364,13576,42201,130674,65507,123520,71204,388426,614984,240992,573447,17850,13277,2,1091613,2,559107,30961,71411.0,1526.0,72937.0,0.0014960765838623047
10335921,6293106,377248,106494,668649,63924,481074,86453,3479,5217,3538,175526,36100,48249,15848,114951,1416315,1715762,3672658,2648890,866116,1073167,517219,555806,12822,1059511,3507831,1484629,1937890,2392549,4996003,343464,669324,172920,89616,21354,15649,44682,108131,64536,120319,77194,440720,722077,285693,712846,21102,15939,2,1505793,2,709026,36373,68237.0,1953.0,70190.0,0.0015799999237060547
11522575,7575495,452802,106137,770991,64225,560688,136115,6230,5570,2935,209239,32116,60191,7747,133876,1426078,1934904,4391770,2935494,966735,1184138,592261,591327,12982,1169755,3927298,1647499,2149307,2496105,5571301,362614,777369,206777,104833,24796,7161,44707,111449,63731,119385,72326,472076,861202,322117,803106,23044,7669,2,1919994,2,858968,41951,64331.0,2808.0,67139.0,0.0019047260284423828
12633958,8938814,534495,113624,912213,69551,645887,110881,7429,11375,4180,255582,28142,67362,4936,193549,1575555,2142411,5082791,3247477,1067987,1292779,665294,627329,16433,1276853,4305692,1789877,2359359,3289381,6093477,416445,952124,247595,139302,19848,4905,46185,112667,68749,126763,81213,525936,1064515,384051,955869,16366,5212,2,2334854,2,1009575,47540,73486.0,2442.0,75928.0,0.0027136802673339844
Total Instructions,Total Cycles,L1 Data Cache Misses,L1 Instruction Cache Misses,L2 Data Cache Misses,L2 Instruction Cache Misses,L1 Cache Misses,L2 Cache Misses,L3 Load Misses,Data TLB Misses,Ins TLB Misses,L1 Load Misses,L1 Store Misses,L2 Load Misses,L2 Store Misses,Cycles Stall Waiting for MemWrites,Cycles With 0 ins issue,Cycles With max ins issue,Cycles With no ins comp,Cycles With max ins comp,Unconditional branch ins,Conditional branch ins,Conditional branch ins taken,Conditional branch ins not taken,Conditional branch ins mispred,Conditional branch ins corr_pred,Load ins,Store Ins,Branch Ins,Cycle stalled on any resoruce,Loas/Store ins comp,L2 data cache access,L3 data cache access,L2 data cache reads,L3 data cache reads,L2 data cache writes,L3 data cache writes,L2 ins cache hits,L2 ins cache accesses,L3 ins cache accesses,L2 ins cache reads,L3 ins cache reads,L2 tot cache access,L3 tot cache access,L2 tot cache reads,L3 tot cache reads,L2 tot cache writes,L3 tot cache writes,FLOPS:sing_prec_vec_ops,FLOPS:dob_prec_vec_ops,Sing precision vec ins,Dob prec vec ins,Ref clock cyc,cpu energy,dram energy,total energy,total time
4075874,4087827,105391,216844,294058,95281,317025,8336,2380,7243,5436,79241,8413,42020,3124,15158,1523072,732296,2881100,750398,141231,588769,91362,497142,21440,565919,1129745,562853,727179,457021,1693782,299561,308840,75640,42913,3840,3304,113413,209114,93073,214090,90975,501356,385191,303337,393841,3968,3202,2,5385,2,3529,21376,630735.0,13672.0,644407.0,0.03976082801818848
4012989,4130192,106160,217997,298437,97154,325260,13689,2211,7211,5660,77506,8632,42175,3206,11897,1494480,736151,2881382,764092,145321,595491,93232,502077,21074,572357,1146887,570125,738436,569837,1717877,297100,292950,76115,43461,4516,3204,118136,217392,96381,208303,93458,505330,407823,290991,399729,4020,3168,2,10190,2,6038,21308,22034.0,305.0,22339.0,0.0010175704956054688
4077311,4245541,107633,225154,299118,101219,327482,10583,1780,7234,5268,78035,8905,41767,3510,17580,1510208,745550,2978202,774109,149467,603757,95477,508096,21406,579293,1167466,579244,750987,526180,1747308,302846,296424,76993,43846,4236,3614,117905,219481,101274,217639,96775,523461,401497,284526,442622,3862,3472,2,16767,2,9476,22549,27039.0,305.0,27344.0,0.0009624958038330078
4149919,4252820,108520,230664,305004,100275,338392,44310,2898,8032,4812,79740,9018,41981,3584,15656,1556379,751988,2965043,795636,153385,612145,97550,514364,22105,589383,1184866,588479,763151,554555,1774945,319251,296403,77237,43238,4138,3358,114983,213687,97042,213734,98260,523580,393068,287523,407377,4040,3451,2,25156,2,13841,22737,31250.0,428.0,31678.0,0.0010442733764648438
4222230,4265393,109230,217045,303937,101703,335265,66973,2653,7419,6123,80278,9407,42753,3704,15859,1576377,762313,2926218,805507,157631,621292,99969,520706,21931,596530,1208722,598846,776596,598590,1806822,305091,300137,78218,45585,3964,4490,115496,214799,98674,212197,95826,528111,395828,290144,416139,4162,3674,2,35950,2,19016,22360,22827.0,366.0,23193.0,0.0009946823120117188
4285672,4382196,110693,218026,302959,98266,331629,39262,2357,7277,5648,79687,9186,42750,3738,19081,1554541,775931,2922825,828202,161679,630399,102907,527901,22456,607548,1231541,607146,789988,433145,1839527,302905,302004,88280,45084,3928,4162,116118,215163,97043,227293,99622,519678,400451,294606,396732,4106,3744,2,47189,2,23745,23128,30090.0,366.0,30456.0,0.0010273456573486328
4364007,4375361,112554,216422,309526,104467,333926,39138,2530,7403,5543,80393,9453,42631,3816,14750,1566241,784482,3143131,838761,165892,639515,105376,534098,21991,615145,1254060,618299,802981,494650,1870396,303004,300478,81991,43126,4178,4916,115435,216306,100515,213989,97925,526683,401929,303200,398069,4160,4098,2,61016,2,30226,25432,32349.0,428.0,32777.0,0.0010852813720703125
4432666,4397034,113226,217004,307262,99841,333794,50799,1461,7589,5435,80516,9621,43747,3893,37707,1652740,800189,3725494,864042,169965,648715,107629,540079,22043,624692,1275091,627766,816082,500291,1900728,302305,303786,79703,46639,4144,4368,120715,211724,107361,212866,97003,516838,402964,301283,406343,4278,4012,2,75715,2,36654,23830,29602.0,366.0,29968.0,0.0010838508605957031
4499313,4614740,114548,234847,308863,103473,332542,57887,1120,7692,5788,80831,9857,42788,4118,40631,1530841,824108,3438157,877779,173721,657794,110352,546781,22306,633885,1300011,636728,829541,492244,1936006,324817,308669,80253,43214,4014,4422,110643,212608,97864,215030,98549,565440,408474,298603,410751,4226,4076,2,92734,2,43760,24359,27893.0,366.0,28259.0,0.0011837482452392578
4578548,4525441,117712,219709,315501,100993,334155,51579,904,7887,5468,80909,10044,42722,4226,31536,1580030,822906,4610431,899680,177919,667596,113298,553412,22878,643388,1323659,648874,843442,507556,1972233,303617,306792,80701,43486,4502,4229,114606,220700,103622,209506,99068,520702,402838,323875,422322,4056,4274,2,111564,2,51786,24487,25574.0,549.0,26123.0,0.0010979175567626953
Total Instructions,Total Cycles,L1 Data Cache Misses,L1 Instruction Cache Misses,L2 Data Cache Misses,L2 Instruction Cache Misses,L1 Cache Misses,L2 Cache Misses,L3 Load Misses,Data TLB Misses,Ins TLB Misses,L1 Load Misses,L1 Store Misses,L2 Load Misses,L2 Store Misses,Cycles Stall Waiting for MemWrites,Cycles With 0 ins issue,Cycles With max ins issue,Cycles With no ins comp,Cycles With max ins comp,Unconditional branch ins,Conditional branch ins,Conditional branch ins taken,Conditional branch ins not taken,Conditional branch ins mispred,Conditional branch ins corr_pred,Load ins,Store Ins,Branch Ins,Cycle stalled on any resoruce,Loas/Store ins comp,L2 data cache access,L3 data cache access,L2 data cache reads,L3 data cache reads,L2 data cache writes,L3 data cache writes,L2 ins cache hits,L2 ins cache accesses,L3 ins cache accesses,L2 ins cache reads,L3 ins cache reads,L2 tot cache access,L3 tot cache access,L2 tot cache reads,L3 tot cache reads,L2 tot cache writes,L3 tot cache writes,FLOPS:sing_prec_vec_ops,FLOPS:dob_prec_vec_ops,Sing precision vec ins,Dob prec vec ins,Ref clock cyc,cpu energy,dram energy,total energy,total time
43837618,41708464,934679,2831611,3235556,1543961,3862457,57085,3685,25949,48238,607490,143698,336189,56898,156319,16628237,6303092,27593941,9062561,2162196,6021133,1811444,4232623,59599,5982855,12795463,6467649,8201095,2372955,19257047,3705773,3151329,632568,368972,100930,52975,1415505,2931701,1545630,2961855,1560481,6625211,4621044,3526311,4556221,98666,56691,0,2304402,0,1944001,250844,1007810.0,19104.0,1026914.0,0.047457218170166016
43566695,42206996,942622,2906878,3268628,1518078,3789181,84428,4379,25556,47587,610800,144650,339729,54052,124466,17117794,6352187,29329956,8423689,2161460,6037995,1815426,4236367,57204,5984803,12807542,6468266,8184412,2515413,19252979,3704944,3136614,624763,374067,97256,53507,1447016,2925177,1447776,2852829,1441812,6617998,4648106,3484760,4539557,100548,59234,0,2304402,0,1944001,242070,297973.0,4639.0,302612.0,0.009889841079711914
43550784,42607220,1007979,2827960,3261979,1454554,3748984,81089,3025,22895,47319,603881,144415,336989,51055,123452,17115786,6336858,48981562,9024676,2164396,6021359,1818976,4222099,55791,5985630,12782914,6466536,8208237,3027981,19238974,3632738,3115933,631298,370144,98050,58148,1411807,2948821,1566915,2954867,1411920,6582663,4780210,3452254,4545755,97426,52823,0,2304402,0,1944001,252248,306029.0,4761.0,310790.0,0.009998559951782227
43548432,40499136,952806,2900606,3221282,1399130,3791452,69761,3483,23364,46827,608475,146130,337053,50516,115886,17121638,6348768,32868991,8642200,2161766,6028556,1820432,4221660,59800,5986791,12777568,6458507,8179609,2907210,19241538,3587275,3104856,628437,352480,100952,54612,1438567,2946291,1427706,2845602,1408056,6563771,4716071,3467099,4503283,100276,52057,0,2304402,0,1944001,236182,322021.0,7019.0,329040.0,0.010268688201904297
Total Instructions,Total Cycles,L1 Data Cache Misses,L1 Instruction Cache Misses,L2 Data Cache Misses,L2 Instruction Cache Misses,L1 Cache Misses,L2 Cache Misses,L3 Load Misses,Data TLB Misses,Ins TLB Misses,L1 Load Misses,L1 Store Misses,L2 Load Misses,L2 Store Misses,Cycles Stall Waiting for MemWrites,Cycles With 0 ins issue,Cycles With max ins issue,Cycles With no ins comp,Cycles With max ins comp,Unconditional branch ins,Conditional branch ins,Conditional branch ins taken,Conditional branch ins not taken,Conditional branch ins mispred,Conditional branch ins corr_pred,Load ins,Store Ins,Branch Ins,Cycle stalled on any resoruce,Loas/Store ins comp,L2 data cache access,L3 data cache access,L2 data cache reads,L3 data cache reads,L2 data cache writes,L3 data cache writes,L2 ins cache hits,L2 ins cache accesses,L3 ins cache accesses,L2 ins cache reads,L3 ins cache reads,L2 tot cache access,L3 tot cache access,L2 tot cache reads,L3 tot cache reads,L2 tot cache writes,L3 tot cache writes,FLOPS:sing_prec_vec_ops,FLOPS:dob_prec_vec_ops,Sing precision vec ins,Dob prec vec ins,Ref clock cyc,cpu energy,dram energy,total energy,total time
43661833,39677063,934094,2826078,3115451,1416812,3756452,62721,1231,19780,49733,612744,146397,333922,53505,159909,17220131,6256678,27218862,9093625,2158952,6021575,1798620,4216399,55952,5961429,12740330,6446687,8165358,2490324,19191823,3576254,3043916,605036,340471,90910,50804,1441580,2849990,1426115,2850594,1425883,6449666,4449033,3426808,4486528,95782,50237,0,2304402,0,1944001,210361,885496.0,19836.0,905332.0,0.04495549201965332
43375305,39707004,923714,2908489,3127288,1417609,3804234,60118,478,21426,49450,610072,145356,333817,53538,180790,17296642,6350941,26895684,9097520,2158680,6036243,1808467,4214002,56890,5938803,12749766,6451062,8167242,2444058,19174590,3590147,3076056,606147,340803,95938,47374,1445738,2840170,1414617,2831987,1435050,6442500,4454140,3421594,4489213,93710,48659,0,2304402,0,1944001,209660,288635.0,3235.0,291870.0,0.0093994140625
43363725,40036985,922979,2875227,3117281,1406855,3825595,44528,332,19638,48429,610535,145770,333947,54031,141275,17192623,6266600,28505634,9082155,2157028,6031005,1799294,4213972,56347,5963727,12748057,6450835,8151153,2375740,19164688,3605961,3003240,607856,339935,92032,49960,1462117,2868159,1385447,2846802,1407692,6403803,4761680,3526380,4441476,91124,52207,0,2304402,0,1944001,209982,264892.0,3540.0,268432.0,0.009328842163085938
43374413,40467772,930022,2863781,3174011,1387538,3813483,42362,823,20540,49336,616548,144938,333062,51009,154512,17158451,6295042,27086536,9079962,2154738,6024092,1803284,4206364,54259,5965004,12743317,6455146,8150845,2408176,19159918,3600409,3017609,606922,339880,97564,49637,1448304,2890680,1384602,2868052,1394771,6427315,4450629,3425469,4531555,93772,50504,0,2304402,0,1944001,213032,237670.0,3357.0,241027.0,0.009485721588134766
43383080,40455894,937805,2891007,3134580,1420294,3792492,33578,652,20351,48842,604570,145535,335680,50739,140652,17382728,6307935,26878061,9066854,2154495,6023439,1807905,4211592,55468,5959387,12732967,6441240,8146269,2531305,19182867,3595425,3025824,608199,343081,91186,48922,1458878,2888121,1405902,2816614,1419657,6510925,4478675,3434550,4573070,97110,50083,0,2304402,0,1944001,215053,231261.0,2869.0,234130.0,0.00924825668334961
Total Instructions,Total Cycles,L1 Data Cache Misses,L1 Instruction Cache Misses,L2 Data Cache Misses,L2 Instruction Cache Misses,L1 Cache Misses,L2 Cache Misses,L3 Load Misses,Data TLB Misses,Ins TLB Misses,L1 Load Misses,L1 Store Misses,L2 Load Misses,L2 Store Misses,Cycles Stall Waiting for MemWrites,Cycles With 0 ins issue,Cycles With max ins issue,Cycles With no ins comp,Cycles With max ins comp,Unconditional branch ins,Conditional branch ins,Conditional branch ins taken,Conditional branch ins not taken,Conditional branch ins mispred,Conditional branch ins corr_pred,Load ins,Store Ins,Branch Ins,Cycle stalled on any resoruce,Loas/Store ins comp,L2 data cache access,L3 data cache access,L2 data cache reads,L3 data cache reads,L2 data cache writes,L3 data cache writes,L2 ins cache hits,L2 ins cache accesses,L3 ins cache accesses,L2 ins cache reads,L3 ins cache reads,L2 tot cache access,L3 tot cache access,L2 tot cache reads,L3 tot cache reads,L2 tot cache writes,L3 tot cache writes,FLOPS:sing_prec_vec_ops,FLOPS:dob_prec_vec_ops,Sing precision vec ins,Dob prec vec ins,Ref clock cyc,cpu energy,dram energy,total energy,total time
43812813,41120022,950617,2918937,3154161,1427196,3774596,46272,1595,22811,86843,620317,147470,355817,48756,113883,18110240,6293224,26930428,9007974,2156996,6016233,1816345,4202404,96900,5950045,12761509,6452215,8179092,2597007,19203190,3672474,3091154,626605,342260,88296,49935,1447244,2922878,1468812,2892236,1450391,6425438,4653507,3467806,4589018,88372,50789,0,2304402,0,1944001,219094,898436.0,16419.0,914855.0,0.0431063175201416
43530998,41457925,939437,2897274,3111608,1411809,3801156,134387,740,20869,88394,630575,158630,356215,48828,127586,18100490,6233891,26523719,9016578,2157398,6008976,1810314,4199653,60746,5960740,12753955,6440572,8170019,2245500,19189476,3582867,3104790,620190,340116,93274,49047,1432027,2902873,1439565,2882543,1435767,6528075,4663695,3507822,4554608,88994,51392,0,2304402,0,1944001,219099,301696.0,4944.0,306640.0,0.010090351104736328
43515129,41671511,921815,2895258,3125940,1436782,3805564,50833,1002,22199,87998,626831,153662,349840,47603,130118,18170019,6214029,26318488,9054967,2155825,6009155,1807880,4205696,58714,5951598,12760506,6435617,8160639,2524507,19191713,3550648,3057503,616965,343638,89376,47262,1423903,2858746,1414639,2858851,1471341,6490832,4579942,3503831,4526690,88488,50842,0,2304402,0,1944001,217389,274108.0,5005.0,279113.0,0.009749889373779297
43544609,41890916,939162,2865847,3136646,1433062,3799426,32952,2327,20046,89507,617882,153414,351047,49498,195723,18156083,6220380,26453224,9049639,2155877,6008908,1807778,4200454,58155,5964707,12778576,6454696,8173342,2938540,19223682,3567570,3090372,625403,338843,91544,50561,1449361,2880937,1433858,2878243,1418664,6503333,4641345,3507454,4496845,92840,52565,0,2304402,0,1944001,217405,268249.0,4638.0,272887.0,0.009682416915893555
43618221,41940970,962438,2893040,3122762,1419494,3809660,29817,819,26400,88365,608385,155153,331796,48483,204369,18346087,6233483,26934585,9037685,2156018,6008526,1808566,4205091,67432,5967108,12788356,6459542,8181415,2870771,19241242,3580419,3167611,610041,341337,92086,50075,1432136,2892088,1463785,2904714,1440519,6431071,4683507,3530386,4640890,89410,52312,0,2304402,0,1944001,219866,267150.0,4761.0,271911.0,0.009526729583740234
Total Instructions,Total Cycles,L1 Data Cache Misses,L1 Instruction Cache Misses,L2 Data Cache Misses,L2 Instruction Cache Misses,L1 Cache Misses,L2 Cache Misses,L3 Load Misses,Data TLB Misses,Ins TLB Misses,L1 Load Misses,L1 Store Misses,L2 Load Misses,L2 Store Misses,Cycles Stall Waiting for MemWrites,Cycles With 0 ins issue,Cycles With max ins issue,Cycles With no ins comp,Cycles With max ins comp,Unconditional branch ins,Conditional branch ins,Conditional branch ins taken,Conditional branch ins not taken,Conditional branch ins mispred,Conditional branch ins corr_pred,Load ins,Store Ins,Branch Ins,Cycle stalled on any resoruce,Loas/Store ins comp,L2 data cache access,L3 data cache access,L2 data cache reads,L3 data cache reads,L2 data cache writes,L3 data cache writes,L2 ins cache hits,L2 ins cache accesses,L3 ins cache accesses,L2 ins cache reads,L3 ins cache reads,L2 tot cache access,L3 tot cache access,L2 tot cache reads,L3 tot cache reads,L2 tot cache writes,L3 tot cache writes,FLOPS:sing_prec_vec_ops,FLOPS:dob_prec_vec_ops,Sing precision vec ins,Dob prec vec ins,Ref clock cyc,cpu energy,dram energy,total energy,total time
43703064,40910704,1304627,2722478,2734704,1438654,3798407,18105,4993,25214,59523,612689,147346,323406,51499,220657,17077259,6258896,28897341,9006645,2154905,5996395,1800071,4196972,61853,5894264,12739543,6440912,8160106,3749414,19177726,3787832,3055556,615637,334810,102462,50903,1460728,2919145,1478058,2959840,1441696,6682812,4511817,3516914,4596550,95344,52129,0,2304402,0,1944001,227338,678099.0,11902.0,690001.0,0.031205415725708008
43416945,40099653,1176367,2724247,2708924,1465347,3826545,116275,4786,23971,61068,618261,149036,323823,57181,166299,16960409,6252030,27643501,9033907,2155410,5986836,1791886,4192647,70695,5821542,12736753,6431686,8149870,3990659,19164083,3859237,3136497,615091,340825,103724,52819,1464963,2927603,1488088,2876161,1451163,6632973,4450021,3497876,4498361,96838,52094,0,2304402,0,1944001,234100,240905.0,2991.0,243896.0,0.009134292602539062
43389666,39909892,1079466,2795967,2921815,1454859,3801021,149152,5280,24258,59556,625273,145897,324598,55279,219911,16962667,6240394,27121286,9054084,2154499,5985542,1789532,4198865,59650,5891143,12740664,6426738,8139213,3222431,19168165,3733591,3077460,617659,334209,105792,52586,1449569,2895229,1443208,2865593,1444165,6594003,4449312,3596376,4539721,96818,51704,0,2304402,0,1944001,228858,243225.0,3113.0,246338.0,0.009383201599121094
43433575,57399343,1070780,2701431,3053993,1475203,3815664,136876,4540,27854,61715,627995,146399,324056,57023,238102,16999610,6230381,29257028,9058493,2154556,5989146,1793669,4194609,61843,5933164,12758550,6445637,8149712,2585777,19195315,3498234,3047164,613410,341104,98064,53508,1445224,2974522,1425877,2874773,1458539,6530868,4490593,3529301,4443740,98740,55269,0,2304402,0,1944001,229418,242003.0,3052.0,245055.0,0.009248495101928711
43487806,67868691,1231855,2771863,3042599,1441897,3784312,130242,4331,25450,60815,630338,145499,323101,55315,167114,17027796,6180851,29816900,9072065,2155088,5994250,1799888,4199244,97001,5947493,12768614,6450686,8169517,2475460,19212224,3697472,3030824,614845,360936,100918,52095,1448787,2943409,1460070,2865606,1538340,6597556,4502155,3559606,4478260,97508,54843,0,2304402,0,1944001,227818,303588.0,4699.0,308287.0,0.009869098663330078
