pred energy,true energy,pred co2,true co2
0.02763493258215253,0.060259900000000005,2.9583886202508837e-06,6.450972944750001e-06
0.01628163821879692,0.011267,1.7429900754177573e-06,1.2061605175e-06
0.014625472778214363,0.006481899999999999,1.5656934245897932e-06,6.939035997499999e-07
0.017220002864567676,0.0189086,1.8434443566591311e-06,2.0242129015000003e-06
0.013708142944834177,0.007721,1.467490972601861e-06,8.265523525000001e-07
0.013006730622054343,0.0041259,1.3924030299174727e-06,4.4168790975e-07
0.02411241095401567,0.0330993999999999,2.5812938736547627e-06,3.543373518499989e-06
0.018213397853790152,0.0091614,1.9497897737428704e-06,9.807507735e-07
0.026100237185386423,0.0475097,2.79409564128858e-06,5.0860321592500005e-06
0.02147988962554136,0.0116943,2.299475884138266e-06,1.25190405075e-06
0.021568645678669944,0.0203308,2.3089774415158143e-06,2.176462967e-06
0.01750385966771706,0.0270995,1.8738319370782805e-06,2.9010692237499997e-06
0.014612415529337142,0.0047424,1.5642956134543642e-06,5.07685776e-07
2.421564834938048,2.4031127,0.0002592345694922054,0.00025725922231675
0.01591649341353492,0.014154,1.7039004111524467e-06,1.515221085e-06
0.013009629153653418,0.0040527,1.3927133249714825e-06,4.3385166675e-07
0.017240976120877154,0.0170348,1.8456895961802015e-06,1.8236179270000001e-06
0.013506978265885,0.0118407999999999,1.445955790808654e-06,1.2675872419999892e-06
7.286032350624195,7.4841971,0.0007799879782151967,0.0008012020100477501
0.01312631600048697,0.0089478,1.4052049436421314e-06,9.578843595e-07
0.9556295552020176,0.9760961,0.00010230253295826399,0.00010449352774525001
8.341648882679001,8.4408475,0.0008929943670129938,0.00090361382699375
6.199531542424963,6.204982899999999,0.0006636753504454483,0.0006642589319022498
0.013027158606212928,0.0010558999999999,1.3945898966916093e-06,1.1303673474998929e-07
0.017620073529388786,0.011444,1.8862729215048932e-06,1.22510881e-06
0.023837458848473658,0.036444,2.5518595633762267e-06,3.90142131e-06
7.9485630080029175,8.0043924,0.0008509135414142323,0.0008568902174010001
0.023577594338302272,0.0650023,2.524040417901104e-06,6.9586587207499995e-06
0.02095828150305145,0.0245055,2.2436364306054153e-06,2.6233750387500003e-06
0.020873886319971637,0.0246214999999999,2.2346017152687637e-06,2.635793128749989e-06
0.021111607091765294,0.018573,2.2600503181912043e-06,1.9882860825e-06
0.014581725584861623,0.0105407,1.561010178173399e-06,1.1284082867499999e-06
0.013268352866103297,0.006732099999999899,1.4204103451985233e-06,7.206881352499892e-07
0.021261600309532277,0.0231688,2.276107467136204e-06,2.480277962e-06
0.02381644808533463,0.034851,2.5496103086552853e-06,3.7308866774999997e-06
0.07517477646277455,0.1027463,8.047647757281173e-06,1.099924828075e-05
0.02351940052027346,0.0413756,2.5178106241965746e-06,4.429361419e-06
0.01677232922417869,0.0107361,1.7955197742713893e-06,1.14932634525e-06
0.0135011215482722,0.0080506,1.4453288145464096e-06,8.618368565e-07
16.448729680864396,16.5776919,0.001760877634160736,0.00177468336212475
0.9607275105802721,0.9783056,0.00010284828182639458,0.00010473006024400001
0.021491692461304057,0.0250916,2.3007394072137527e-06,2.686118509e-06
5.906857935229081,5.9776764,0.0006323439091111112,0.0006399252028109999
0.022158645158879695,0.0201598,2.3721383608709688e-06,2.1581569895e-06
0.021643791478193772,0.0239867,2.317021987219339e-06,2.56783620175e-06
0.013212014458179556,0.0011292,1.4143791777842669e-06,1.2088368299999997e-07
0.021651500435245333,0.028924500000000002,2.317847250344101e-06,3.09644003625e-06
0.017032875546613528,0.013452,1.8234119094538448e-06,1.44007023e-06
0.013117399913773515,0.0017395,1.4042504542692393e-06,1.8621782375e-07
0.013307556785472241,0.010321,1.4246072227767671e-06,1.1048888525000002e-06
7.003372079117948,6.9830755,0.0007497284894997742,0.0007475556899637501
0.016986398492523227,0.0180908,1.818436424620843e-06,1.936665367e-06
0.021486694591488952,0.0114319,2.300204372755371e-06,1.22381347475e-06
0.01682560849986848,0.0043822999999999996,1.8012234539321704e-06,4.6913617074999993e-07
0.02466099953932185,0.057849000000000005,2.6400216531832524e-06,6.1928800725e-06
0.021654960044898742,0.0409728,2.3182176102065225e-06,4.386240672e-06
0.020842486876256748,0.0209167,2.2312403263204756e-06,2.23918502675e-06
0.014532769146018788,0.0027038,1.5557692690041763e-06,2.894485495e-07
0.07752997837382143,0.0820494,8.299778009863519e-06,8.7835933935e-06
0.024261881702756984,0.0568541,2.597295090984392e-06,6.08637354025e-06
0.038372615264389044,0.0467101,4.107884395591008e-06,5.00043298025e-06
0.01570432782280328,0.0225829,1.6811875542506481e-06,2.41755590225e-06
0.024502281645631716,0.0650756,2.623030505868989e-06,6.966505668999999e-06
0.013172221300634161,0.0016662,1.4101192207861386e-06,1.783708755e-07
0.013061590874467333,0.0054748999999999,1.3982759570889143e-06,5.861017322499893e-07
0.014636072494960434,0.0088866999999999,1.566828150766752e-06,9.513434517499893e-07
0.017326608345589238,0.0208983,1.8548567399161918e-06,2.23721526075e-06
0.046527838413367564,0.0380004,4.980921421747032e-06,4.068037821e-06
0.01762235247542406,0.0044310999999999,1.8865168883753342e-06,4.743603327499893e-07
0.013187039256898785,0.005383299999999999,1.4117055200491572e-06,5.762957232499999e-07
0.013060104200395769,0.0070006999999999995,1.3981168049128681e-06,7.494424367499999e-07
3.0929615652240026,3.0965130000000003,0.00033110926796114254,0.00033148945793250005
0.013098478633044112,0.0029786,1.4022248838639548e-06,3.188665765e-07
0.013646068416368898,0.007763700000000001,1.4608457391433316e-06,8.311234942500001e-07
1.934336014693712,1.9725902,0.0002070755062129986,0.00021117071238549998
0.016061490653466404,0.005627399999999899,1.7194227281802123e-06,6.024272384999891e-07
0.07445379726723902,0.0917844,7.970465131951106e-06,9.825749481000001e-06
16.276942990770248,16.198371500000004,0.001742487439519432,0.0017340761650037504
0.018178659295356843,0.0093566999999999,1.9460709242161885e-06,1.0016581267499895e-06
0.014580112414564956,0.0097656,1.560837484260215e-06,1.045431894e-06
0.0211013705641049,0.0174072,2.25895447231384e-06,1.8634842780000002e-06
0.013028104363729275,0.0024841,1.3946911423981284e-06,2.6592911525e-07
0.023830198103091473,0.0586913,2.5510822824312e-06,6.283050393250001e-06
0.02515849944849063,0.06177350000000001,2.693280262209543e-06,6.613007608750002e-06
0.015607769315009042,0.0141419,1.6708507245950056e-06,1.51392574975e-06
0.0235857022856958,0.0379211,2.5249083939394498e-06,4.05954855775e-06
0.017862051648324,0.0100158,1.912177284082205e-06,1.0722164295e-06
0.022184832727500717,0.0192320999999999,2.374941805560771e-06,2.0588443852499895e-06
0.022547956259674123,0.0379821,2.413815087488764e-06,4.06607876025e-06
0.02731229977428783,0.037457,2.923849971586948e-06,4.0098654924999994e-06
0.022548305289780683,0.0266173,2.4138524520342466e-06,2.84944850825e-06
0.02431322724875514,0.0217529,2.60279176004736e-06,2.32870232725e-06
0.01683842865223777,0.026062,1.802595883293684e-06,2.7900022549999998e-06
0.030756344527560736,0.0233886,3.2925435725366956e-06,2.5038081015e-06
0.013067458545986135,0.0008545,1.3989041059941808e-06,9.147636125e-08
31.18544243868758,31.1704341,0.0033384795766676022,0.0033368728964902504
0.013341945832936918,0.0109375,1.4282886562804794e-06,1.1708867187499998e-06
0.021175692882191073,0.0255736,2.2669108622707597e-06,2.737717814e-06
11.721744545090836,11.6680486,0.0012548420579133368,0.0012490937727515
0.022593260599496148,0.0429014999999999,2.4186650303275614e-06,4.592712828749989e-06
0.02167758839087779,0.0232969999999999,2.3206400312144445e-06,2.4940020924999893e-06
0.01677457434518228,0.0089111,1.795760120087626e-06,9.5395553275e-07
0.056261591770020124,0.0752562,6.02294405296008e-06,8.0563643505e-06
0.02189414947493221,0.0144713999999999,2.3438234366651807e-06,1.5491995484999893e-06
0.013091190748065102,0.0028503,1.4014446975572393e-06,3.0513174075e-07
0.02192664797995193,0.0217161999999999,2.3473024828738037e-06,2.3247735004999898e-06
0.02130910242095657,0.0200073,2.2811926869194532e-06,2.1418314832499996e-06
0.014544411261176561,0.0124694999999999,1.5570155865371039e-06,1.3348911487499894e-06
7.047339880458997,7.333379699999999,0.0007544353525528368,0.00078505663033425
12.961739947794216,13.0522433,0.0013875866657612403,0.0013972752758732501
0.05637812210236299,0.0420530999999999,6.035418916363214e-06,4.50188948774999e-06
0.021900659792225573,0.0269102999999999,2.3445203824072282e-06,2.8808148907499897e-06
0.018339296880041902,0.0087158,1.963267579250686e-06,9.330481794999999e-07
0.01619183773068356,0.007018899999999999,1.7333767086640016e-06,7.513907922499998e-07
0.013061301293831146,0.0036561000000000002,1.3982449567578588e-06,3.9139464525000005e-07
0.024123961420648668,0.0354552,2.582530379983992e-06,3.795567798e-06
0.024317033337910413,0.06188339999999999,2.6031992114066547e-06,6.6247726785e-06
0.02168128635608252,0.0350279999999999,2.321035907634524e-06,3.7498349699999895e-06
0.021251809449286313,0.0350097,2.275059331069723e-06,3.7478759092499996e-06
0.016985210495337393,0.0098816,1.8183092465521066e-06,1.0578499840000001e-06
0.01603796449936115,0.0082641,1.7169041945678596e-06,8.8469256525e-07
0.021447864812377194,0.015405299999999901,2.2960475478270094e-06,1.6491758782499895e-06
0.013282380187874874,0.0082031,1.421912005062475e-06,8.7816236275e-07
0.02158151477594903,0.0144347,2.3103551105522836e-06,1.54527072175e-06
0.014662677058190366,0.0050171,1.5696762357719243e-06,5.370930977500001e-07
0.013467153520071775,0.0034484,1.4416924522074837e-06,3.69159841e-07
0.021187976131884587,0.0328063,2.268225814858575e-06,3.5119964307499998e-06
0.025011411055064617,0.0438048,2.677534081972305e-06,4.6894133520000005e-06
0.021228634213744112,0.0114624,2.2725783641668417e-06,1.2270785759999999e-06
0.02403269908748775,0.0185667999999999,2.5727605190632825e-06,1.9876223569999893e-06
0.022200234929304594,0.026538,2.37659064976938e-06,2.840959245e-06
0.014621679028988399,0.0026001,1.5652872942507808e-06,2.7834720525000005e-07
0.9093135896944745,0.9121802999999999,9.734429306076775e-05,9.765118156575e-05
0.01579906640448416,0.004663099999999999,1.6913295562660404e-06,4.991965127499999e-07
4.594029761338621,4.5798955,0.0004918023710257028,0.0004902892630137501
0.05376411730137384,0.0520995,5.755583167405324e-06,5.57738172375e-06
0.07459057757895873,0.0828672,7.98510780627148e-06,8.871140928e-06
0.015308177826100748,0.0136841,1.6387787067286503e-06,1.4649171152500002e-06
0.01605496771935186,0.0091858,1.718724431775915e-06,9.833628545e-07
0.016781044695681674,0.0095215,1.7964527872844625e-06,1.01930037875e-06
0.016316858570383504,0.0123596,1.7467605021059802e-06,1.323126079e-06
0.014952663537809293,0.0071716,1.6007200133813294e-06,7.67737709e-07
0.015874135515442575,0.0100341999999999,1.6993658922669163e-06,1.0741861954999892e-06
0.014533882571040968,0.010199,1.5558884639363631e-06,1.0918284475e-06
0.046385705397849995,0.0344418999999999,4.965705727103337e-06,3.6870914997499897e-06
0.02364024531492905,0.0344359,2.530747361576442e-06,3.68644918475e-06
0.03171613628151544,0.0321716,3.395291679276932e-06,3.4440502090000003e-06
0.013409102331164642,0.0112183,1.4354779273070028e-06,1.20094706075e-06
0.0331359049856572,0.0518126,3.547281468477068e-06,5.5466683615e-06
0.01718024607757937,0.0077880999999999,1.8391882932200656e-06,8.337355752499894e-07
0.9598565665295984,0.9608557,0.00010275504508840984,0.00010286200482425
0.025015421295755194,0.0155212,2.677963388263833e-06,1.6615832630000003e-06
0.01727787711393627,0.015600599999999997,1.8496399397396626e-06,1.6700832315e-06
4.483764533804694,4.5292607,0.00047999820275512696,0.00048486868108675
0.01872384143952184,0.006982499999999899,2.004434035704412e-06,7.474940812499891e-07
0.02153295566612421,0.0126587,2.305156736447762e-06,1.3551454817500001e-06
0.03314768998945581,0.0464414999999999,3.5485430825962182e-06,4.971678678749989e-06
0.021233125898678807,0.0451354,2.273059210268313e-06,4.8318574085e-06
0.013021515936435942,0.0008362,1.3939858347853088e-06,8.951730050000001e-08
1.869035216554212,1.7896622000000002,0.00020008489252016978,0.0001915878126655
7.032667282253252,6.923810399999999,0.0007528646142334163,0.0007412112128459999
0.015560392027935287,0.0125061,1.6657788675705424e-06,1.33880927025e-06
0.017234291168939212,0.004376399999999999,1.8449739553628649e-06,4.6850456099999997e-07
4.9242290390623165,4.7795105,0.0005271510292042187,0.00051165854780125
0.022551212654901898,0.0291504,2.414163692738885e-06,3.120623196e-06
0.021399964460123024,0.0308958999999999,2.29091969536732e-06,3.3074833347499896e-06
6.830540128854798,6.8976752,0.0007312263971442283,0.000738413374348
0.07789466037287628,0.12339459999999988,8.338818129567338e-06,1.3209700416499988e-05
5.693284737191704,5.6762367,0.0006094803643282149,0.0006076553293267499
0.06520366371497227,0.0905393,6.9802152098470695e-06,9.692458413250002e-06
0.013180742050541273,0.0024108,1.4110313883655695e-06,2.58082167e-07
0.0132416019619929,0.0020874,1.4175465940362452e-06,2.234613885e-07
0.02135565894417658,0.0340941,2.2861766791214633e-06,3.6498586402500004e-06
0.01914022930117945,0.0111389,2.049009397264513e-06,1.19244709225e-06
0.02387237308336417,0.0357727,2.5555972195068424e-06,3.82955696675e-06
0.02441465765585249,0.0424192,2.6136501387031486e-06,4.541081408e-06
0.01696021613539927,0.004650799999999999,1.8156335378348302e-06,4.978797669999999e-07
0.021914355323014122,0.0244566999999999,2.3459865232169696e-06,2.6181508767499895e-06
0.018525858602274334,0.015319799999999998,1.9832394780199732e-06,1.6400228894999998e-06
0.02505533242350652,0.0628904999999999,2.6822359742674318e-06,6.73258525124999e-06
0.02599622155813972,0.0254455,2.782960508352752e-06,2.7240043887499997e-06
0.02456069540257926,0.0379088,2.629283844584616e-06,4.058231812e-06
0.014976547031689519,0.0017334,1.6032768011099423e-06,1.8556480349999998e-07
0.02656576470839098,0.0447264,2.8439315264450254e-06,4.788072936e-06
0.014447486918025368,0.0074158,1.5466395932919107e-06,7.938799295e-07
0.014639559926636252,0.0075928,1.5672014890462275e-06,8.128282220000001e-07
0.02149640157503052,0.0263120999999999,2.301243529610955e-06,2.8167760852499893e-06
0.024142239172434445,0.0151489,2.5844870590070386e-06,1.62172761725e-06
0.015811989881094814,0.0115234,1.6927130467459025e-06,1.2336087785e-06
7.835816774566166,7.898020499999998,0.0008388437752592445,0.0008455028395762498
0.016452021312445945,0.0025329,1.7612300115506194e-06,2.7115327725e-07
0.02839912202179554,0.0399962,3.040197010238267e-06,4.281693200500001e-06
0.014438325802683862,0.0090271,1.5456588729918144e-06,9.6637362275e-07
0.05289664547493003,0.05985700000000001,5.662718139704947e-06,6.407841492500001e-06
0.016262325554360177,0.0054687,1.740922606408143e-06,5.854380067500001e-07
0.021721082601124108,0.0340086999999999,2.3252961951568386e-06,3.640716356749989e-06
0.02111964573910109,0.0225585,2.2609108754851195e-06,2.41494382125e-06
0.0533029175440701,0.0530089,5.706210580386564e-06,5.67473526725e-06
0.013207348201430675,0.005889899999999999,1.4138796433336574e-06,6.3052851975e-07
0.021597122909727796,0.0085204,2.312026000293635e-06,9.12130121e-07
0.024004121209168686,0.030108499999999996,2.569701185744531e-06,3.2231901962499996e-06
0.01535616725016364,0.0132872999999999,1.643916094548143e-06,1.4224386832499892e-06
0.021206506137651314,0.0216735,2.2702094983009176e-06,2.32020235875e-06
0.023622887441410913,0.03385,2.528889157821642e-06,3.6237271249999997e-06
0.0214418030096847,0.0234740999999999,2.2953986166942715e-06,2.5129610902499895e-06
0.01333086708532022,0.0086364999999999,1.427102648651243e-06,9.245589162499892e-07
9.656596887124003,9.5258118,0.0010337628382588425,0.0010197619677195001
0.02083274200550004,0.0211425,2.230197113543793e-06,2.26335748125e-06
0.026680196826517386,0.0627378,2.8561817707707526e-06,6.7162383345e-06
0.016162264066760863,0.0098632999999999,1.7302107740069174e-06,1.0558909232499892e-06
0.016692104648743007,0.0111084,1.7869315329095607e-06,1.189181991e-06
19.163435062885704,19.05802,0.0020514936320695717,0.0020402086860499997
0.0251482282032267,0.0422972,2.6921806997259265e-06,4.528021003e-06
0.02112951174848967,0.0084838999999999,2.2619670564551905e-06,9.082227047499894e-07
0.021001316893040863,0.0172302,2.248243476692257e-06,1.8445359855000002e-06
0.01680422604153093,0.0163879,1.79893440831099e-06,1.7543656647500003e-06
0.024460135573995512,0.0692809,2.6185186635351546e-06,7.416693547250001e-06
0.013532902118611379,0.0107117,1.4487310040526446e-06,1.1467142642500001e-06
0.013203959756044003,0.009497,1.4135169017839007e-06,1.0166775925000001e-06
0.01642719820190779,0.004717999999999999,1.7585726355097336e-06,5.050736949999999e-07
0.021235492143896736,0.0354858,2.2733125227345053e-06,3.7988436045e-06
11.911296534492378,11.9529906,0.0012751340722587452,0.0012795975262065
8.023425250888387,7.963346400000001,0.000858927731670729,0.000852496140486
0.024091365946867355,0.048706,2.5790409530270174e-06,5.214099065e-06
0.023684880034534537,0.0518248,2.5355256198970083e-06,5.547974402e-06
0.021439948297465462,0.0231323,2.2952000651144216e-06,2.47637054575e-06
0.0218622192389805,0.0226623,2.34040522508096e-06,2.42605587075e-06
0.03166982525455092,0.0324584,3.3903339680628125e-06,3.4747528659999997e-06
0.024445129242980805,0.0347287999999999,2.6169121982842027e-06,3.7178048619999893e-06
0.013041956432210206,0.0035644999999999995,1.396174040959183e-06,3.815886362499999e-07
0.02390184988510314,0.0526122,2.558752784825004e-06,5.6322675405e-06
0.013154253307484418,0.0119139999999999,1.4081957021994756e-06,1.2754234849999893e-06
0.028341060347862223,0.0315429,3.0339813628895206e-06,3.3767463022500003e-06
0.02437529280362906,0.040338,2.6094360328605e-06,4.3182837450000004e-06
0.01666487946892179,0.0044982999999999,1.7840170093467498e-06,4.815542607499893e-07
0.013205743129203213,0.0063780999999999,1.413707816339027e-06,6.827915502499893e-07
0.01888319784174787,0.0187560999999999,2.0214935369537137e-06,2.0078873952499895e-06
0.021656814002677858,0.0198059,2.3184160810216717e-06,2.12027110975e-06
0.05673435787557473,0.0658750999999999,6.073554846474964e-06,7.052094142749989e-06
0.03689855176890388,0.0369628,3.950082213240583e-06,3.956960147e-06
2.814861926684463,2.8719592,0.00030133800640638845,0.000307450412258
0.024597142550537913,0.040515,2.63318560289146e-06,4.3372320375e-06
1.0619742402259824,1.1386079,0.00011368699735179198,0.00012189082221475
0.02529355707281476,0.0454589,2.7077385185375022e-06,4.86648889225e-06
6.1335616234887835,6.0153777,0.0006566131056985329,0.0006439612212292501
0.014487926576398759,0.00755,1.5509687598199282e-06,8.08246375e-07
4.87282220286421,4.9673335,0.0005216477988721209,0.0005317654695087499
1.0786192129380072,1.0571385000000002,0.00011546888329304602,0.00011316931927125004
0.01567023666518205,0.0023133,1.6775380105994014e-06,2.4764454824999997e-07
0.023819515621031077,0.028112700000000004,2.5499386960204293e-06,3.0095348167500005e-06
0.022252382656586796,0.0164306,2.382173194344258e-06,1.7589368065e-06
0.017022009889526322,0.0131713,1.8222487136985166e-06,1.4100205932500002e-06
0.0413105820643681,0.0261473999999999,4.4224010864457665e-06,2.7991445384999896e-06
0.023237318692829263,0.0264892,2.4876130593641045e-06,2.835735083e-06
0.020930622428005988,0.0193298,2.240675457474111e-06,2.0693034145e-06
0.013162045458756034,0.0077636,1.4090298714734804e-06,8.31112789e-07
0.013171944271168745,0.0098084,1.4100895640892922e-06,1.050013741e-06
0.013544188171385951,0.0020326,1.4499392042172944e-06,2.1759491149999998e-07
0.02120195337918051,0.0242249,2.2697221141247214e-06,2.59333610725e-06
0.014659019977113701,0.0126709,1.5692847360999646e-06,1.35645152225e-06
0.02168134333752109,0.0268676,2.3210420076399765e-06,2.876243749e-06
0.016729364984565537,0.014129599999999898,1.7909203450102022e-06,1.5126090039999892e-06
0.15156806414645155,0.1712703,1.6225740187038006e-05,1.833491379075e-05
6.953313743721829,6.973615,0.0007443696195497811,0.0007465429197875
0.016784287390284564,0.0159179,1.7967999258484383e-06,1.70405098975e-06
0.021451838713125653,0.02052,2.296472963836884e-06,2.1967173e-06
0.015525912672561627,0.0123474,1.6620877663794039e-06,1.3218200385e-06
0.025449130054515018,0.0693968,2.724392995160969e-06,7.429100931999999e-06
0.014372934390424082,0.005645699999999999,1.538658558830874e-06,6.043862992499999e-07
0.06065901401842098,0.0480956,6.4936990982070116e-06,5.148754219000001e-06
0.013128726871121765,0.0119078999999999,1.4054630333707628e-06,1.2747704647499893e-06
0.015400994583830738,0.0115965999999999,1.64871497268554e-06,1.2414450214999892e-06
0.013076380406941724,0.0074341,1.399859213514129e-06,7.9583899025e-07
0.0215800622741676,0.0275999,2.310199616605327e-06,2.95463829475e-06
0.023506765563830967,0.0358031999999999,2.5164580205220147e-06,3.83282206799999e-06
0.021420757197117876,0.0172728999999999,2.2931456098444616e-06,1.8491071272499892e-06
0.1521650318492023,0.1502987,1.628964707203673e-05,1.6089851581750003e-05
0.02375566233696692,0.0543639,2.5431030423281512e-06,5.81979140475e-06
0.021150033493219172,0.0223022,2.2641639605328455e-06,2.3875062655e-06
0.07467492728851134,0.058734100000000004,7.994137653553361e-06,6.287632240250001e-06
0.01316772016588825,0.0026244,1.409637363058752e-06,2.8094858099999997e-07
0.0130326185355209,0.0037657999999999,1.3951743957738512e-06,4.0313830449998935e-07
0.024776820912240264,0.0595825,2.652420620707601e-06,6.37845558125e-06
0.021541456730436007,0.0331420999999999,2.3060667966350008e-06,3.547944660249989e-06
0.015730768655388864,0.0071044,1.6840181114810163e-06,7.60543781e-07
1.9774133741060846,2.0461129,0.00021168704523149166,0.00021904150122724998
0.017289283413110538,0.014562999999999899,1.850861012582016e-06,1.5590055574999893e-06
0.021472167502584006,0.0123596,2.2986492115703744e-06,1.323126079e-06
0.015718145816612614,0.0067565,1.682666805032922e-06,7.2330021625e-07
0.02418758619701293,0.05646350000000001,2.589341571355727e-06,6.044558833750001e-06
0.0168032503008947,0.0196655,1.7988299528365298e-06,2.10524093875e-06
0.02404306706806907,0.0166808,2.573870437304464e-06,1.7857213419999998e-06
0.02475987503815599,0.0373532999999999,2.6506065225221944e-06,3.99876414824999e-06
0.01578587933373329,0.0111389,1.689917847374483e-06,1.19244709225e-06
0.014364805256813667,0.0035157,1.537788314755045e-06,3.763644742500001e-07
0.021112573511068027,0.0182922,2.26015377579361e-06,1.9582257405e-06
0.02335551009440831,0.0249327999999999,2.5002657443816458e-06,2.6691185719999894e-06
0.015383014231198115,0.0131591,1.6467901309853363e-06,1.40871455275e-06
0.057678522848003975,0.060504,6.174630067185946e-06,6.47710446e-06
0.05815374289786434,0.0765867,6.225503561573622e-06,8.198797701749999e-06
2.840679436779683,2.8821093000000007,0.000304101835405857,0.0003085370058382501
0.026238056597473164,0.030926499999999902,2.808849553900996e-06,3.3107591412499895e-06
0.02775989423736244,0.0348449,2.9717660778452425e-06,3.7302336572499995e-06
0.0163005204847503,0.006158399999999899,1.7450114691937317e-06,6.592721159999893e-07
0.015941340689104282,0.0131592,1.7065603741203362e-06,1.408725258e-06
0.07586372356799352,0.0787107,8.121401267262628e-06,8.42617721175e-06
0.024744278686160876,0.0246336999999999,2.648936894050237e-06,2.6370991692499895e-06
0.01305390768935135,0.0007874,1.3974534529142853e-06,8.42931385e-08
0.014561472785050485,0.0041016,1.5588420653216172e-06,4.390865340000001e-07
0.024756388726029744,0.056170399999999995,2.650233304093299e-06,6.013181745999999e-06
0.016341455405538916,0.0114379,1.749393654801455e-06,1.2244557897500002e-06
0.0179028597780188,0.0136353,1.9165458963863574e-06,1.45969295325e-06
0.024008465502232824,0.0491026,2.5701662531777794e-06,5.2565560865e-06
0.05273889819931336,0.0422057,5.645830899481993e-06,4.51822569925e-06
0.013175987425310376,0.0094055,1.4105223938480391e-06,1.0068822887500002e-06
0.013249797137722672,0.0034789,1.4184239080860564e-06,3.7242494225e-07
0.021368612552595267,0.0190063,2.2875633952867048e-06,2.03467193075e-06
0.021076314633743275,0.0144652999999999,2.2562721723288023e-06,1.5485465282499894e-06
0.0260952400771371,0.0532713,2.7935606883577197e-06,5.70282584325e-06
0.021127120135079416,0.028698699999999997,2.2617110282605893e-06,3.07226758175e-06
0.04269964613337568,0.0490720999999999,4.5711038676932e-06,5.25329098524999e-06
0.015858026400158827,0.0274291,1.6976413712030028e-06,2.93635372775e-06
0.02444268102724582,0.0438597999999999,2.6166501106692335e-06,4.69530123949999e-06
0.014724254622826716,0.0117737,1.5762682680101571e-06,1.26040401925e-06
0.015255272099825426,0.0122069999999999,1.6331150164665613e-06,1.3067898674999893e-06
0.01550449430756751,0.0145263,1.659794876860871e-06,1.55507673075e-06
0.01609608912140642,0.0084228,1.7231265806693607e-06,9.016817969999999e-07
0.021421581015719768,0.0326538,2.2932338016853403e-06,3.4956709244999996e-06
0.024786982276581025,0.0541624,2.65350842016369e-06,5.798220326e-06
0.01439157539212182,0.0030456999999999,1.5406541246651213e-06,3.260497992499893e-07
0.02137850440659322,0.0190796,2.288622342986821e-06,2.042518879e-06
0.05558520928669974,0.0769835,5.9505356171644234e-06,8.24127613375e-06
0.021297094116384745,0.0251952,2.2799071678942777e-06,2.6972091480000003e-06
0.017292765740373247,0.0080871,1.851233804421307e-06,8.657442727499999e-07
0.013287147968770544,0.005096399999999999,1.4224224079268088e-06,5.455823609999999e-07
0.0536872251925606,0.0731138,5.747351674926593e-06,7.827015074500001e-06
0.02167726571838938,0.0177246,2.320605488317879e-06,1.8974627415e-06
0.013246305820748355,0.007318100000000001,1.4180501538756632e-06,7.834209002500002e-07
0.015298620787919858,0.0133484,1.6377556018987907e-06,1.428979591e-06
5.047849544198023,5.1080435,0.0005403849133302588,0.00054682882678375
0.022046412443479272,0.0177245,2.360123568105565e-06,1.8974520362500002e-06
0.01701892781757062,0.004907299999999999,1.8219187701904786e-06,5.253387332499998e-07
0.015881887603623,0.0202147999999999,1.7001957726868511e-06,2.1640448769999894e-06
0.07451893329611489,0.083032,7.97743810668234e-06,8.88878318e-06
0.053117822863739714,0.0635436,5.686395732120496e-06,6.8025012390000005e-06
0.013040170031938587,0.0018005000000000002,1.3959828023441056e-06,1.9274802625000002e-07
0.07518285902414193,0.1000853,8.048513015681954e-06,1.0714381578250001e-05
0.07174725831293595,0.1019100999999999,7.680723370545576e-06,1.090973098024999e-05
0.013036210067146954,0.0035218,1.3955588782132494e-06,3.770174945e-07
0.021590044076323606,0.0243652,2.311268193480633e-06,2.6083555730000004e-06
0.016014947579735605,0.0082700999999999,1.7144401757796457e-06,8.853348802499894e-07
0.9390523451286961,0.9207191000000001,0.00010052790117688974,9.856528145275001e-05
0.023941979519265917,0.0382749999999999,2.5630487624862146e-06,4.097434437499989e-06
0.8665953928592697,0.8897804,9.277120329406697e-05,9.525321627100001e-05
0.01603244225574063,0.0046753,1.716313024582674e-06,5.0050255325e-07
0.01686939629549713,0.004540999999999999,1.8059110469237064e-06,4.861254024999999e-07
0.02421737743749595,0.062335,2.5925307981275355e-06,6.6731175875e-06
0.06534871487965586,0.0609069,6.9957432996543595e-06,6.52023591225e-06
0.016837909273975424,0.0188964,1.8025402825522542e-06,2.0229068610000004e-06
0.02385160159899317,0.0363891,2.5533735801762166e-06,3.89554412775e-06
0.013120941966807586,0.0092895,1.404629639901669e-06,9.9446419875e-07
0.01823542975917537,0.0153013999999999,1.9521483442941215e-06,1.6380531234999895e-06
5.162768741304965,5.1627493,0.0005526873006785497,0.00055268521943825
0.06608046980959868,0.0829709999999999,7.074079494292063e-06,8.88225297749999e-06
0.15144850925933392,0.1737971,1.6212941537484846e-05,1.860541404775e-05
0.0177956187281548,0.0040832,1.9050654738957918e-06,4.3711676800000007e-07
0.024231559070351533,0.029009899999999905,2.5940489773788077e-06,3.10558231974999e-06
0.056489571588128465,0.05809309999999989,6.047349862438122e-06,6.219011587749989e-06
0.01600724049427088,0.004913399999999999,1.7136151130129334e-06,5.259917534999999e-07
0.02448995289369132,0.0481139,2.62171068215189e-06,5.15071327975e-06
0.017199654682180827,0.0120787999999999,1.841266032864163e-06,1.2930657369999893e-06
0.07457465634005088,0.0672789,7.983403397843297e-06,7.202374442250001e-06
0.019516763566812055,0.0150636,2.0893183317361476e-06,1.612596039e-06
0.013241978217184884,0.0083435,1.4175868730951848e-06,8.9319253375e-07
4.5859540225531426,4.5363714,0.0004909378429993703,0.0004856298992985
0.013048361584286754,0.0077757999999999005,1.3968597285018579e-06,8.324188294999893e-07
0.03886395985485432,0.0422791,4.1604840623617926e-06,4.52608335275e-06
0.017173819030456648,0.0209411,1.8385002617579603e-06,2.2417971077500003e-06
0.024139557195743917,0.0513181999999999,2.5841999466973755e-06,5.493741605499989e-06
6.314991423990521,6.2821312,0.0006760356194167453,0.000672517850288
0.012990878483047252,0.005535799999999999,1.390706018806416e-06,5.926212294999998e-07
0.02267724470890193,0.0379393,2.4276557391997237e-06,4.06149691325e-06
0.022781592010640533,0.0352294,2.438826378719096e-06,3.7713953435000003e-06
0.02346815544162534,0.0607298,2.512324710414597e-06,6.501276914500001e-06
0.013167364147711016,0.0018555,1.4095992504228336e-06,1.9863591375e-07
0.013255431629640942,0.0015198,1.419027094532137e-06,1.626983895e-07
0.01727848481049415,0.005303899999999999,1.8497049951754252e-06,5.6779575475e-07
0.014376385624184142,0.0153381,1.539028022032973e-06,1.6419819502500002e-06
0.02470117438284716,0.05725079999999989,2.6443224706197454e-06,6.1288412669999885e-06
0.014744855122007268,0.0045045,1.5784736029486832e-06,4.8221798625e-07
0.016654416617972127,0.0086425999999999,1.782896934995461e-06,9.252119364999892e-07
0.023277574085605292,0.0584898,2.491922499799261e-06,6.2614793145e-06
5.47661621530601,5.451798800000001,0.0005862854573890468,0.0005836286910370001
0.04722944166184075,0.0257934999999999,5.0560298035042076e-06,2.7612586587499895e-06
0.02425103210493578,0.0645201,2.5961336144136377e-06,6.90703800525e-06
0.021420137641638567,0.0195373,2.2930792848815126e-06,2.0915168082500003e-06
0.013009617444911498,0.0083069,1.392712071521388e-06,8.892744122500001e-07
5.635824578827146,5.6139015,0.0006033291107248931,0.0006009821903287501
0.013098333229534895,0.0022094,1.4022093180547844e-06,2.3652179349999997e-07
0.016185593946632944,0.0020813,1.7327082959719232e-06,2.2280836825e-07
0.01674991853290624,0.0089172,1.7931206537439453e-06,9.54608553e-07
0.017629380888328144,0.0133118,1.8872692975477487e-06,1.4250614695e-06
0.013110434168943662,0.0064392,1.4035047538708413e-06,6.89332458e-07
0.02134320080458309,0.0350157,2.2848430041326312e-06,3.7485182242499995e-06
0.03957908136621416,0.0375243,4.237039607956641e-06,4.017070125749999e-06
0.01729865604946985,0.0070739999999999,1.8518643767358713e-06,7.572893849999893e-07
16.236301926406824,16.2188061,0.0017381367119766668,0.0017362637400202498
0.014420067979330452,0.00307,1.5437043273572733e-06,3.28651175e-07
0.021724260453207703,0.0078736,2.3256363921670176e-06,8.428885639999999e-07
0.05534778723931378,0.0552000999999999,5.925118993436638e-06,5.90930870524999e-06
0.021504933607969026,0.0192078,2.3021569050671045e-06,2.0562430095e-06
0.024118181654592317,0.0532165,2.581911641578244e-06,5.69695936625e-06
0.017300840229820945,0.0165161,1.8520981987029065e-06,1.76808979525e-06
0.024708901986508058,0.0446653999999999,2.6451497299106538e-06,4.781542733499989e-06
0.013175704525305742,0.0066529,1.410492108695293e-06,7.1220957725e-07
0.020984678610942314,0.0199706999999999,2.246462306997902e-06,2.1379133617499896e-06
0.01596019379303687,0.0312376999999999,1.7085786460290796e-06,3.344073879249989e-06
0.026792332592130395,0.0508726,2.868186184819039e-06,5.4460390114999995e-06
0.021435496690166544,0.015979,2.294723509424054e-06,1.7105918975e-06
0.04734754024828399,0.0651793,5.068672552429423e-06,6.97760701325e-06
0.021138472679682968,0.0249267,2.262926346541761e-06,2.66846555175e-06
0.013075067075211303,0.0074707,1.399718618069058e-06,7.9975711175e-07
0.07463642802272723,0.0691161,7.990016210903006e-06,7.39905129525e-06
0.06583696686675472,0.1043333,7.04801189550326e-06,1.116914059825e-05
0.023598133008112733,0.044696,2.526239133850988e-06,4.78481854e-06
28.726864818208636,28.429712400000007,0.00307528269595128,0.003043471786701001
0.014361664747483476,0.0046935,1.5374521153799747e-06,5.0245090875e-07
4.275133910114703,4.1861832,0.0004576637729125543,0.00044814137701800004
0.013037085026351964,0.0024048,1.3956525447835439e-06,2.57439852e-07
0.014686834839482913,0.0040894,1.5722623866537446e-06,4.377804935e-07
0.014372851891666228,0.0079712,1.5386497271325988e-06,8.53336888e-07
0.030251378921522982,0.0330748,3.238485741996339e-06,3.5407400270000003e-06
0.8575605517798441,0.9429724999999999,9.180400096941177e-05,0.00010094756355625
0.025030860384039996,0.0487365,2.679616181262442e-06,5.217364166250001e-06
0.013162927160631405,0.0017578,1.4091242598634935e-06,1.881768845e-07
0.013102876479946207,0.0089721,1.4026956843694414e-06,9.6048573525e-07
0.015434878926268436,0.0160217,1.652342376254352e-06,1.71516303925e-06
0.023639579011907743,0.0553464999999999,2.5306760321722535e-06,5.92498119124999e-06
0.021359559427619853,0.0314757,2.2865942356252744e-06,3.3695523742500006e-06
0.024242116232071394,0.0430846,2.595179147933823e-06,4.6123141415e-06
4.506085260691377,4.5350653,0.00048238769237016356,0.00048549007802825003
7.326574207755766,7.2216977999999985,0.0007843280853757742,0.0007731008037344998
0.03863747889686966,0.0285888,4.136238709607139e-06,3.0605025120000004e-06
0.02411395166588069,0.0344848,2.581458810711693e-06,3.6916840520000003e-06
1.8910692336374106,1.8805736999999998,0.0002024436891339689,0.00020132011601924998
0.02519916666925465,0.0399413,2.6976337898603833e-06,4.275816018249999e-06
0.01611349352520631,0.0217468,1.7249897656071482e-06,2.328049307e-06
0.023795991118557118,0.0395263,2.547420339219336e-06,4.23138923075e-06
0.015184272092911419,0.005261199999999999,1.6255142882263997e-06,5.632246129999999e-07
0.02119459577605238,0.0137451,2.2689344643158472e-06,1.4714473177499998e-06
2.86220624981627,2.9333666000000003,0.00030640633455845625,0.00031402422794650004
0.02748697470677788,0.0669249,2.942549359797339e-06,7.16447785725e-06
0.02263345372920918,0.0472471,2.4229678053461658e-06,5.05792017275e-06
0.05995613572515558,0.0899717,6.418454219717218e-06,9.63169541425e-06
0.06233181717715351,0.0828367,6.672776858357226e-06,8.86787582675e-06
0.02114109202151213,0.0210204,2.263206753632927e-06,2.250286371e-06
0.06694952422359518,0.0964902,7.167113941946424e-06,1.0329517135500001e-05
0.03759578841319079,0.0335449,4.024723139103108e-06,3.5910654072500003e-06
0.02794160878399633,0.0247434999999999,2.9912190743487673e-06,2.6488535337499897e-06
0.015796818486044605,0.0022156,1.6910889109772899e-06,2.3718551900000002e-07
0.02456148486072155,0.0615477,2.629368358052394e-06,6.58883515425e-06
0.014736764235378246,0.0070191,1.5776074533078295e-06,7.5141220275e-07
0.014363475906830098,0.0080932999999999,1.5376460045159292e-06,8.664079982499895e-07
0.023594725298743142,0.057806199999999905,2.5258743300437002e-06,6.18829822549999e-06
0.013263364538342967,0.003772,1.4198763322409604e-06,4.0380203e-07
0.014561655833346343,0.0043029999999999995,1.5588616610993093e-06,4.606469075e-07
16.936035934593097,16.837182199999997,0.0018130449868880274,0.0018024624474654999
0.013272509457040015,0.0047119,1.4208553186497763e-06,5.0442067475e-07
5.016483446633909,4.910259699999999,0.0005370270941707766,0.0005256555765342499
0.01705419691533516,0.0127563,1.8256944152789173e-06,1.36559380575e-06
0.013024272131417242,0.0050903,1.3942808923485442e-06,5.4492934075e-07
0.01327860625439457,0.004461699999999999,1.4215079960485747e-06,4.7763613925e-07
0.013361081967943868,0.0119201,1.4303372273733109e-06,1.27607650525e-06
0.013219360284111943,0.0011596,1.4151655668148938e-06,1.24138079e-07
0.02128439218867263,0.0200804,2.2785473947778766e-06,2.149657021e-06
0.021302728938661065,0.005950799999999999,2.2805103897060137e-06,6.370480169999999e-07
0.013163062375251592,0.0086852,1.4091387349266211e-06,9.29772373e-07
1.0856468439730769,1.0942293,0.00011622120876442782,0.00011713998213825002
0.02888829915391669,0.0698973,3.092564645174667e-06,7.4826807082499995e-06
0.05449094349630731,0.0738096,5.833391728638438e-06,7.901502204e-06
0.02092292168657507,0.023297,2.2398510738520777e-06,2.4940020925e-06
0.015443030690213692,0.005120799999999999,1.6532150429641012e-06,5.481944419999998e-07
2.8440229498821563,2.8880541000000006,0.00030445976684225954,0.00030917341154025006
0.013264702608026466,0.0074219,1.4200195759457533e-06,7.945329497500001e-07
0.016219039777683335,0.0099791999999999,1.7362887558004453e-06,1.0682983079999894e-06
0.05967098527427737,0.0649962,6.3879281510745775e-06,6.958005700500001e-06
0.023319722234491642,0.0487915,2.4964345645079165e-06,5.22325205375e-06
0.02385361735893711,0.023999,2.553589372317615e-06,2.5691529475e-06
0.015496519128789523,0.0143555,1.6589411140347404e-06,1.53679216375e-06
0.013085136211585928,0.0040222,1.4007965442908027e-06,4.3058656550000003e-07
0.024354443879031948,0.0547118,2.6072041033600677e-06,5.8570349695e-06
0.021537117776972408,0.0129760999999999,2.3056023008193387e-06,1.3891239452499894e-06
5.8652063847975935,5.768350700000001,0.0006278850065085444,0.0006175163633117501
0.055443942560042925,0.0722227,5.935412660908995e-06,7.73162059175e-06
0.013112932077268175,0.0058654,1.4037721612017513e-06,6.279057334999999e-07
0.024780672766689823,0.0388732,2.6528329713560623e-06,4.1614732429999995e-06
0.016317817976227215,0.0031371,1.746863208900064e-06,3.3583439775e-07
0.0157588332271018,0.007263199999999999,1.6870224940443155e-06,7.775437179999998e-07
0.02108800718137409,0.0250366,2.25752388878405e-06,2.6802306215e-06
0.014752632825808944,0.0018615,1.5793062255849121e-06,1.9927822875e-07
0.013093264195453178,0.006548999999999999,1.4016666652837513e-06,7.010868225e-07
0.015298200011909041,0.0070006999999999995,1.6377105567748926e-06,7.494424367499999e-07
0.015285728898838807,0.0080139,1.6363754929429414e-06,8.579080297499999e-07
0.021206102579258326,0.0200928,2.270166296366052e-06,2.1509844720000002e-06
0.02703081320042085,0.0466124,2.8937161301380534e-06,4.989973951e-06
0.013380242754217654,0.0026794,1.4323884374458855e-06,2.868364685e-07
4.196713899339301,4.351197299999999,0.0004492687147090205,0.0004658065489582499
0.024073029688392384,0.0434447,2.577078010716626e-06,4.6508637467500005e-06
0.02703156411241113,0.0563049,2.893796517143893e-06,6.0275803072500004e-06
7.051758465221917,7.0538699,0.0007549083730981692,0.00075513440746975
0.016241947122179638,0.0075439,1.7387410442971358e-06,8.075933547500001e-07
0.015492208304262525,0.0139222,1.6584796294920639e-06,1.4904063154999998e-06
0.020951125917995642,0.0338195,2.2428704073362285e-06,3.6204620237500005e-06
0.015318907787769705,0.0118345999999999,1.6399273759502164e-06,1.2669235164999892e-06
8.845002850341709,8.8571551,0.0009468796676362057,0.00094818059634275
0.015996236421883497,0.0076293,1.7124370995536833e-06,8.1673563825e-07
0.021378837838331423,0.027008,2.2886580376879745e-06,2.89127392e-06
0.017067202613440517,0.0030456999999999,1.827086707775341e-06,3.260497992499893e-07
0.021462741902974362,0.0224487,2.297640177568163e-06,2.40318945675e-06
0.012995568425660967,0.0055297,1.3912080888880707e-06,5.919682092500001e-07
8.050322451601735,8.081894599999998,0.0008618071442500949,0.0008651870216664998
0.0667562671245177,0.0541563,7.14642528634743e-06,5.79756730575e-06
0.015229862727525793,0.0125976,1.630394879638455e-06,1.3486045740000002e-06
0.021636935746363918,0.0253601,2.3162880639876236e-06,2.71486210525e-06
0.8892949400699638,0.8819192000000001,9.520124657183981e-05,9.441165515800002e-05
0.017492156818278728,0.0125548999999999,1.8725791177887836e-06,1.3440334322499894e-06
0.024835704195916207,0.060327,2.65872422343332e-06,6.4581561675e-06
0.02160562698816146,0.0235473,2.3129363831501547e-06,2.52079733325e-06
15.825820350441733,15.635097900000002,0.0016941936330656636,0.0016737763179397501
7.936413182019069,8.1608617,0.0008496128721680964,0.0008736406471392499
0.021474752230071722,0.0240356,2.298925913109753e-06,2.573071069e-06
0.021240851453051563,0.0195433,2.2738862501778026e-06,2.09215912325e-06
0.013076567638762679,0.0033203,1.3998792571486418e-06,3.5544641575e-07
0.013011605268088384,0.0079467999999999,1.3929248729620317e-06,8.507248069999893e-07
0.021007284637096002,0.0276549999999999,2.2488823386127198e-06,2.9605368874999895e-06
1.6884494610069452,1.6799333,0.000180752735924446,0.00017984105959825
0.01382622443258363,0.0022522,1.4801318910691592e-06,2.4110364050000003e-07
0.021786677389073684,0.0231812,2.3323182811938107e-06,2.481605413e-06
0.01594207051472388,0.003131,1.7066385037774783e-06,3.351813775e-07
0.021111099153036175,0.0236449,2.2599959420804053e-06,2.53124565725e-06
0.017114466729129505,0.0214111,1.8321464495201363e-06,2.29211178275e-06
2.013592283957282,2.0418343,0.00021556008797833697,0.00021858346640075003
0.02139730672285832,0.0129943,2.29063517794879e-06,1.39107230075e-06
0.017084903384389016,0.007733099999999999,1.828981619557305e-06,8.278476877499999e-07
0.014718052585597895,0.0023804,1.5756043244197186e-06,2.5482777100000003e-07
0.029456054881630535,0.0856871,3.153344315215753e-06,9.17301827275e-06
0.021029589227677427,0.0163634999999999,2.2512701007959377e-06,1.7517535837499892e-06
0.024585486195747984,0.0629942,2.631937760970311e-06,6.7436865955e-06
2.801336244546268,2.7993275000000004,0.00029989004831928936,0.00029967500719375005
0.013266526908586278,0.0104736,1.4202148718814325e-06,1.121225064e-06
0.027179711500106018,0.059558,2.9096560653650996e-06,6.375832795e-06
0.015795705207496766,0.0090942,1.6909697317255474e-06,9.735568455e-07
0.021151908118186402,0.0189942,2.2643646438221497e-06,2.0333765955e-06
0.027049425528481042,0.059374800000000005,2.8957086263877164e-06,6.3562207770000005e-06
0.9748134950910792,0.9911777999999999,0.00010435622168323775,0.0001061080614345
0.025590783393853296,0.0400756,2.73955733927048e-06,4.290193169000001e-06
0.024311657394601168,0.0435912,2.6026237032355416e-06,4.666546938e-06
0.02383192920752269,0.0398986,2.551267601488323e-06,4.2712448765e-06
0.015591974160266647,0.0273619999999999,1.6691598137919454e-06,2.9291705049999893e-06
0.024989622278691944,0.0460448,2.675201538989669e-06,4.929210951999999e-06
0.015609537462151855,0.0096435999999999,1.6710400091670115e-06,1.0323714889999893e-06
0.013046564426878378,0.0058472,1.3966673383083975e-06,6.259573780000001e-07
0.013155898502996003,0.0114562,1.4083718244919796e-06,1.2264148504999998e-06
0.06431551337849942,0.0718931999999999,6.885136495951809e-06,7.696346792999987e-06
0.01571352248633698,0.006805399999999999,1.6821718659685897e-06,7.285350834999999e-07
0.039093850872815215,0.035266,4.185094470562051e-06,3.775313465e-06
0.020951029193534584,0.0093994,2.2428600527408613e-06,1.0062292685000002e-06
0.05445319241799219,0.0471250999999999,5.829350381327109e-06,5.044859767749989e-06
0.021239961019119718,0.0131896,2.273790926999314e-06,1.4119796539999999e-06
0.06534522712641541,0.059008700000000004,6.9953699269505865e-06,6.317028856750001e-06
0.022363946153362204,0.0309081,2.3941163455828073e-06,3.30878937525e-06
